datetime,timestamp_ms,value,sensor
2025-12-24 18:58:22,1766602702000,24.66,sensor:temperature
2025-12-24 18:58:29,1766602709000,24.66,sensor:temperature
2025-12-24 18:58:34,1766602714000,24.68,sensor:temperature
2025-12-24 18:58:41,1766602721000,24.69,sensor:temperature
2025-12-24 18:58:47,1766602727000,24.7,sensor:temperature
2025-12-24 18:58:53,1766602733000,24.72,sensor:temperature
2025-12-24 18:58:59,1766602739000,24.71,sensor:temperature
2025-12-24 18:59:05,1766602745000,24.71,sensor:temperature
2025-12-24 18:59:11,1766602751000,24.71,sensor:temperature
2025-12-24 18:59:18,1766602758000,24.7,sensor:temperature
2025-12-24 18:59:25,1766602765000,24.72,sensor:temperature
2025-12-24 18:59:31,1766602771000,24.74,sensor:temperature
2025-12-24 18:59:38,1766602778000,24.75,sensor:temperature
2025-12-24 18:59:45,1766602785000,24.74,sensor:temperature
2025-12-24 18:59:51,1766602791000,24.76,sensor:temperature
2025-12-24 18:59:57,1766602797000,24.76,sensor:temperature
2025-12-24 19:00:03,1766602803000,24.74,sensor:temperature
2025-12-24 19:00:10,1766602810000,24.73,sensor:temperature
2025-12-24 19:00:17,1766602817000,24.74,sensor:temperature
2025-12-24 19:00:24,1766602824000,24.75,sensor:temperature
2025-12-24 19:00:31,1766602831000,24.76,sensor:temperature
2025-12-24 19:00:37,1766602837000,24.77,sensor:temperature
2025-12-24 19:00:54,1766602854000,24.83,sensor:temperature
2025-12-24 19:01:01,1766602861000,24.84,sensor:temperature
2025-12-24 19:01:16,1766602876000,24.82,sensor:temperature
2025-12-24 19:01:24,1766602884000,24.82,sensor:temperature
2025-12-24 19:01:30,1766602890000,24.83,sensor:temperature
2025-12-24 19:01:37,1766602897000,24.84,sensor:temperature
2025-12-24 19:01:43,1766602903000,24.84,sensor:temperature
2025-12-24 19:01:50,1766602910000,24.87,sensor:temperature
2025-12-24 19:01:57,1766602917000,24.89,sensor:temperature
2025-12-24 19:02:03,1766602923000,24.89,sensor:temperature
2025-12-24 19:02:10,1766602930000,24.88,sensor:temperature
2025-12-24 19:02:17,1766602937000,24.88,sensor:temperature
2025-12-24 19:02:24,1766602944000,24.87,sensor:temperature
2025-12-24 19:02:32,1766602952000,24.84,sensor:temperature
2025-12-24 19:02:38,1766602958000,24.82,sensor:temperature
2025-12-24 19:02:45,1766602965000,24.79,sensor:temperature
2025-12-24 19:02:52,1766602972000,24.77,sensor:temperature
2025-12-24 19:02:58,1766602978000,24.75,sensor:temperature
2025-12-24 19:03:05,1766602985000,24.74,sensor:temperature
2025-12-24 19:03:12,1766602992000,24.74,sensor:temperature
2025-12-24 19:03:19,1766602999000,24.76,sensor:temperature
2025-12-24 19:03:25,1766603005000,24.76,sensor:temperature
2025-12-24 19:03:31,1766603011000,24.76,sensor:temperature
2025-12-24 19:03:38,1766603018000,24.76,sensor:temperature
2025-12-24 19:03:44,1766603024000,24.76,sensor:temperature
2025-12-24 19:03:51,1766603031000,24.78,sensor:temperature
2025-12-24 19:03:57,1766603037000,24.75,sensor:temperature
2025-12-24 19:04:04,1766603044000,24.76,sensor:temperature
2025-12-24 19:04:10,1766603050000,24.75,sensor:temperature
2025-12-24 19:04:16,1766603056000,24.76,sensor:temperature
2025-12-24 19:04:22,1766603062000,24.76,sensor:temperature
2025-12-24 19:04:28,1766603068000,24.75,sensor:temperature
2025-12-24 19:04:34,1766603074000,24.73,sensor:temperature
2025-12-24 19:04:41,1766603081000,24.72,sensor:temperature
2025-12-24 19:04:47,1766603087000,24.74,sensor:temperature
2025-12-24 19:04:54,1766603094000,24.75,sensor:temperature
2025-12-24 19:05:00,1766603100000,24.74,sensor:temperature
2025-12-24 19:05:07,1766603107000,24.74,sensor:temperature
2025-12-24 19:05:12,1766603112000,24.73,sensor:temperature
2025-12-24 19:05:19,1766603119000,24.71,sensor:temperature
2025-12-24 19:05:25,1766603125000,24.71,sensor:temperature
2025-12-24 19:05:32,1766603132000,24.7,sensor:temperature
2025-12-24 19:05:39,1766603139000,24.7,sensor:temperature
2025-12-24 19:05:46,1766603146000,24.69,sensor:temperature
2025-12-24 19:05:53,1766603153000,24.68,sensor:temperature
2025-12-24 19:06:00,1766603160000,24.68,sensor:temperature
2025-12-24 19:06:07,1766603167000,24.68,sensor:temperature
2025-12-24 19:06:14,1766603174000,24.69,sensor:temperature
2025-12-24 19:06:21,1766603181000,24.68,sensor:temperature
2025-12-24 19:06:28,1766603188000,24.65,sensor:temperature
2025-12-24 19:06:34,1766603194000,24.65,sensor:temperature
2025-12-24 19:06:41,1766603201000,24.68,sensor:temperature
2025-12-24 19:06:48,1766603208000,24.66,sensor:temperature
2025-12-24 19:06:54,1766603214000,24.65,sensor:temperature
2025-12-24 19:07:01,1766603221000,24.65,sensor:temperature
2025-12-24 19:07:08,1766603228000,24.63,sensor:temperature
2025-12-24 19:07:14,1766603234000,24.62,sensor:temperature
2025-12-24 19:07:20,1766603240000,24.61,sensor:temperature
2025-12-24 19:07:26,1766603246000,24.61,sensor:temperature
2025-12-24 19:07:33,1766603253000,24.6,sensor:temperature
2025-12-24 19:07:40,1766603260000,24.6,sensor:temperature
2025-12-24 19:07:47,1766603267000,24.59,sensor:temperature
2025-12-24 19:07:54,1766603274000,24.57,sensor:temperature
2025-12-24 19:08:00,1766603280000,24.6,sensor:temperature
2025-12-24 19:08:07,1766603287000,24.58,sensor:temperature
2025-12-24 19:08:14,1766603294000,24.59,sensor:temperature
2025-12-24 19:08:20,1766603300000,24.57,sensor:temperature
2025-12-24 19:08:27,1766603307000,24.57,sensor:temperature
2025-12-24 19:08:34,1766603314000,24.57,sensor:temperature
2025-12-24 19:08:40,1766603320000,24.58,sensor:temperature
2025-12-24 19:08:46,1766603326000,24.59,sensor:temperature
2025-12-24 19:08:53,1766603333000,24.61,sensor:temperature
2025-12-24 19:08:59,1766603339000,24.63,sensor:temperature
2025-12-24 19:09:06,1766603346000,24.62,sensor:temperature
2025-12-24 19:09:13,1766603353000,24.63,sensor:temperature
2025-12-24 19:09:19,1766603359000,24.62,sensor:temperature
2025-12-24 19:09:25,1766603365000,24.63,sensor:temperature
2025-12-24 19:09:32,1766603372000,24.64,sensor:temperature
2025-12-24 19:09:39,1766603379000,24.63,sensor:temperature
2025-12-24 19:09:46,1766603386000,24.62,sensor:temperature
2025-12-24 19:09:53,1766603393000,24.62,sensor:temperature
2025-12-24 19:09:59,1766603399000,24.6,sensor:temperature
2025-12-24 19:10:07,1766603407000,24.61,sensor:temperature
2025-12-24 19:10:13,1766603413000,24.61,sensor:temperature
2025-12-24 19:10:20,1766603420000,24.6,sensor:temperature
2025-12-24 19:10:27,1766603427000,24.64,sensor:temperature
2025-12-24 19:10:34,1766603434000,24.64,sensor:temperature
2025-12-24 19:10:40,1766603440000,24.65,sensor:temperature
2025-12-24 19:10:46,1766603446000,24.66,sensor:temperature
2025-12-24 19:10:53,1766603453000,24.68,sensor:temperature
2025-12-24 19:11:00,1766603460000,24.69,sensor:temperature
2025-12-24 19:11:06,1766603466000,24.69,sensor:temperature
2025-12-24 19:11:13,1766603473000,24.7,sensor:temperature
2025-12-24 19:11:19,1766603479000,24.68,sensor:temperature
2025-12-24 19:11:25,1766603485000,24.68,sensor:temperature
2025-12-24 19:11:31,1766603491000,24.7,sensor:temperature
2025-12-24 19:11:37,1766603497000,24.7,sensor:temperature
2025-12-24 19:11:46,1766603506000,24.7,sensor:temperature
2025-12-24 19:11:52,1766603512000,24.7,sensor:temperature
2025-12-24 19:11:59,1766603519000,24.69,sensor:temperature
2025-12-24 19:12:06,1766603526000,24.66,sensor:temperature
2025-12-24 19:12:16,1766603536000,24.68,sensor:temperature
2025-12-24 19:12:21,1766603541000,24.68,sensor:temperature
2025-12-24 19:12:28,1766603548000,24.65,sensor:temperature
2025-12-24 19:12:34,1766603554000,24.65,sensor:temperature
2025-12-24 19:12:40,1766603560000,24.62,sensor:temperature
2025-12-24 19:12:47,1766603567000,24.61,sensor:temperature
2025-12-24 19:12:53,1766603573000,24.61,sensor:temperature
2025-12-24 19:13:00,1766603580000,24.62,sensor:temperature
2025-12-24 19:13:07,1766603587000,24.62,sensor:temperature
2025-12-24 19:13:14,1766603594000,24.62,sensor:temperature
2025-12-24 19:13:20,1766603600000,24.62,sensor:temperature
2025-12-24 19:13:28,1766603608000,24.64,sensor:temperature
2025-12-24 19:13:36,1766603616000,24.64,sensor:temperature
2025-12-24 19:13:42,1766603622000,24.63,sensor:temperature
2025-12-24 19:13:49,1766603629000,24.63,sensor:temperature
2025-12-24 19:13:56,1766603636000,24.6,sensor:temperature
2025-12-24 19:14:03,1766603643000,24.59,sensor:temperature
2025-12-24 19:14:10,1766603650000,24.59,sensor:temperature
2025-12-24 19:14:17,1766603657000,24.59,sensor:temperature
2025-12-24 19:14:25,1766603665000,24.6,sensor:temperature
2025-12-24 19:14:32,1766603672000,24.61,sensor:temperature
2025-12-24 19:14:39,1766603679000,24.63,sensor:temperature
2025-12-24 19:14:45,1766603685000,24.63,sensor:temperature
2025-12-24 19:14:52,1766603692000,24.61,sensor:temperature
2025-12-24 19:14:58,1766603698000,24.63,sensor:temperature
2025-12-24 19:15:05,1766603705000,24.64,sensor:temperature
2025-12-24 19:15:11,1766603711000,24.62,sensor:temperature
2025-12-24 19:15:17,1766603717000,24.62,sensor:temperature
2025-12-24 19:15:23,1766603723000,24.6,sensor:temperature
2025-12-24 19:15:29,1766603729000,24.58,sensor:temperature
2025-12-24 19:15:35,1766603735000,24.58,sensor:temperature
2025-12-24 19:15:42,1766603742000,24.57,sensor:temperature
2025-12-24 19:15:49,1766603749000,24.56,sensor:temperature
2025-12-24 19:15:59,1766603759000,24.54,sensor:temperature
2025-12-24 19:16:06,1766603766000,24.5,sensor:temperature
2025-12-24 19:16:13,1766603773000,24.5,sensor:temperature
2025-12-24 19:16:20,1766603780000,24.49,sensor:temperature
2025-12-24 19:16:26,1766603786000,24.49,sensor:temperature
2025-12-24 19:16:33,1766603793000,24.48,sensor:temperature
2025-12-24 19:16:40,1766603800000,24.48,sensor:temperature
2025-12-24 19:16:46,1766603806000,24.49,sensor:temperature
2025-12-24 19:16:53,1766603813000,24.49,sensor:temperature
2025-12-24 19:16:59,1766603819000,24.49,sensor:temperature
2025-12-24 19:17:06,1766603826000,24.49,sensor:temperature
2025-12-24 19:17:13,1766603833000,24.48,sensor:temperature
2025-12-24 19:17:19,1766603839000,24.47,sensor:temperature
2025-12-24 19:17:26,1766603846000,24.47,sensor:temperature
2025-12-24 19:17:33,1766603853000,24.47,sensor:temperature
2025-12-24 19:17:40,1766603860000,24.46,sensor:temperature
2025-12-24 19:17:47,1766603867000,24.46,sensor:temperature
2025-12-24 19:17:54,1766603874000,24.44,sensor:temperature
2025-12-24 19:18:01,1766603881000,24.44,sensor:temperature
2025-12-24 19:18:08,1766603888000,24.44,sensor:temperature
2025-12-24 19:18:15,1766603895000,24.44,sensor:temperature
2025-12-24 19:18:21,1766603901000,24.44,sensor:temperature
2025-12-24 19:18:28,1766603908000,24.43,sensor:temperature
2025-12-24 19:18:35,1766603915000,24.44,sensor:temperature
2025-12-24 19:18:41,1766603921000,24.43,sensor:temperature
2025-12-24 19:18:48,1766603928000,24.43,sensor:temperature
2025-12-24 19:18:55,1766603935000,24.43,sensor:temperature
2025-12-24 19:19:02,1766603942000,24.41,sensor:temperature
2025-12-24 19:19:08,1766603948000,24.41,sensor:temperature
2025-12-24 19:19:15,1766603955000,24.4,sensor:temperature
2025-12-24 19:19:20,1766603960000,24.39,sensor:temperature
2025-12-24 19:19:28,1766603968000,24.4,sensor:temperature
2025-12-24 19:19:34,1766603974000,24.39,sensor:temperature
2025-12-24 19:19:41,1766603981000,24.38,sensor:temperature
2025-12-24 19:19:48,1766603988000,24.39,sensor:temperature
2025-12-24 19:19:54,1766603994000,24.36,sensor:temperature
2025-12-24 19:20:01,1766604001000,24.39,sensor:temperature
2025-12-24 19:20:07,1766604007000,24.39,sensor:temperature
2025-12-24 19:20:14,1766604014000,24.38,sensor:temperature
2025-12-24 19:20:21,1766604021000,24.39,sensor:temperature
2025-12-24 19:20:27,1766604027000,24.39,sensor:temperature
2025-12-24 19:20:34,1766604034000,24.4,sensor:temperature
2025-12-24 19:20:40,1766604040000,24.4,sensor:temperature
2025-12-24 19:20:46,1766604046000,24.39,sensor:temperature
2025-12-24 19:20:53,1766604053000,24.38,sensor:temperature
2025-12-24 19:20:59,1766604059000,24.39,sensor:temperature
2025-12-24 19:21:06,1766604066000,24.39,sensor:temperature
2025-12-24 19:21:13,1766604073000,24.38,sensor:temperature
2025-12-24 19:21:19,1766604079000,24.34,sensor:temperature
2025-12-24 19:21:26,1766604086000,24.34,sensor:temperature
2025-12-24 19:21:33,1766604093000,24.33,sensor:temperature
2025-12-24 19:21:40,1766604100000,24.33,sensor:temperature
2025-12-24 19:21:47,1766604107000,24.31,sensor:temperature
2025-12-24 19:21:53,1766604113000,24.32,sensor:temperature
2025-12-24 19:22:00,1766604120000,24.3,sensor:temperature
2025-12-24 19:22:07,1766604127000,24.28,sensor:temperature
2025-12-24 19:22:13,1766604133000,24.28,sensor:temperature
2025-12-24 19:22:20,1766604140000,24.28,sensor:temperature
2025-12-24 19:22:27,1766604147000,24.28,sensor:temperature
2025-12-24 19:22:34,1766604154000,24.26,sensor:temperature
2025-12-24 19:22:41,1766604161000,24.25,sensor:temperature
2025-12-24 19:22:47,1766604167000,24.25,sensor:temperature
2025-12-24 19:22:53,1766604173000,24.25,sensor:temperature
2025-12-24 19:23:00,1766604180000,24.24,sensor:temperature
2025-12-24 19:23:07,1766604187000,24.25,sensor:temperature
2025-12-24 19:23:13,1766604193000,24.25,sensor:temperature
2025-12-24 19:23:19,1766604199000,24.26,sensor:temperature
2025-12-24 19:23:25,1766604205000,24.24,sensor:temperature
2025-12-24 19:23:32,1766604212000,24.25,sensor:temperature
2025-12-24 19:23:39,1766604219000,24.24,sensor:temperature
2025-12-24 19:23:46,1766604226000,24.24,sensor:temperature
2025-12-24 19:23:52,1766604232000,24.23,sensor:temperature
2025-12-24 19:23:59,1766604239000,24.23,sensor:temperature
2025-12-24 19:24:06,1766604246000,24.23,sensor:temperature
2025-12-24 19:24:12,1766604252000,24.21,sensor:temperature
2025-12-24 19:24:19,1766604259000,24.21,sensor:temperature
2025-12-24 19:24:26,1766604266000,24.21,sensor:temperature
2025-12-24 19:24:33,1766604273000,24.2,sensor:temperature
2025-12-24 19:24:40,1766604280000,24.21,sensor:temperature
2025-12-24 19:24:46,1766604286000,24.19,sensor:temperature
2025-12-24 19:24:53,1766604293000,24.19,sensor:temperature
2025-12-24 19:25:00,1766604300000,24.19,sensor:temperature
2025-12-24 19:25:07,1766604307000,24.19,sensor:temperature
2025-12-24 19:25:12,1766604312000,24.19,sensor:temperature
2025-12-24 19:25:18,1766604318000,24.2,sensor:temperature
2025-12-24 19:25:25,1766604325000,24.19,sensor:temperature
2025-12-24 19:25:32,1766604332000,24.2,sensor:temperature
2025-12-24 19:25:38,1766604338000,24.2,sensor:temperature
2025-12-24 19:25:45,1766604345000,24.19,sensor:temperature
2025-12-24 19:25:52,1766604352000,24.19,sensor:temperature
2025-12-24 19:25:59,1766604359000,24.19,sensor:temperature
2025-12-24 19:26:07,1766604367000,24.19,sensor:temperature
2025-12-24 19:26:14,1766604374000,24.19,sensor:temperature
2025-12-24 19:26:21,1766604381000,24.2,sensor:temperature
2025-12-24 19:26:27,1766604387000,24.2,sensor:temperature
2025-12-24 19:26:35,1766604395000,24.2,sensor:temperature
2025-12-24 19:26:41,1766604401000,24.2,sensor:temperature
2025-12-24 19:26:48,1766604408000,24.2,sensor:temperature
2025-12-24 19:26:55,1766604415000,24.18,sensor:temperature
2025-12-24 19:27:02,1766604422000,24.18,sensor:temperature
2025-12-24 19:27:09,1766604429000,24.16,sensor:temperature
2025-12-24 19:27:15,1766604435000,24.17,sensor:temperature
2025-12-24 19:27:21,1766604441000,24.16,sensor:temperature
2025-12-24 19:27:27,1766604447000,24.14,sensor:temperature
2025-12-24 19:27:34,1766604454000,24.15,sensor:temperature
2025-12-24 19:27:41,1766604461000,24.14,sensor:temperature
2025-12-24 19:27:48,1766604468000,24.13,sensor:temperature
2025-12-24 19:27:54,1766604474000,24.12,sensor:temperature
2025-12-24 19:28:01,1766604481000,24.12,sensor:temperature
2025-12-24 19:28:08,1766604488000,24.09,sensor:temperature
2025-12-24 19:28:14,1766604494000,24.1,sensor:temperature
2025-12-24 19:28:21,1766604501000,24.11,sensor:temperature
2025-12-24 19:28:28,1766604508000,24.12,sensor:temperature
2025-12-24 19:28:34,1766604514000,24.11,sensor:temperature
2025-12-24 19:28:41,1766604521000,24.11,sensor:temperature
2025-12-24 19:28:48,1766604528000,24.11,sensor:temperature
2025-12-24 19:28:55,1766604535000,24.12,sensor:temperature
2025-12-24 19:29:00,1766604540000,24.11,sensor:temperature
2025-12-24 19:29:06,1766604546000,24.11,sensor:temperature
2025-12-24 19:29:12,1766604552000,24.12,sensor:temperature
2025-12-24 19:29:18,1766604558000,24.13,sensor:temperature
2025-12-24 19:29:25,1766604565000,24.14,sensor:temperature
2025-12-24 19:29:32,1766604572000,24.14,sensor:temperature
2025-12-24 19:29:38,1766604578000,24.14,sensor:temperature
2025-12-24 19:29:45,1766604585000,24.14,sensor:temperature
2025-12-24 19:29:51,1766604591000,24.13,sensor:temperature
2025-12-24 19:29:58,1766604598000,24.13,sensor:temperature
2025-12-24 19:30:04,1766604604000,24.14,sensor:temperature
2025-12-24 19:30:11,1766604611000,24.15,sensor:temperature
2025-12-24 19:30:18,1766604618000,24.16,sensor:temperature
2025-12-24 19:30:25,1766604625000,24.15,sensor:temperature
2025-12-24 19:30:31,1766604631000,24.15,sensor:temperature
2025-12-24 19:30:37,1766604637000,24.13,sensor:temperature
2025-12-24 19:30:44,1766604644000,24.12,sensor:temperature
2025-12-24 19:30:51,1766604651000,24.13,sensor:temperature
2025-12-24 19:30:58,1766604658000,24.1,sensor:temperature
2025-12-24 19:31:04,1766604664000,24.11,sensor:temperature
2025-12-24 19:31:10,1766604670000,24.08,sensor:temperature
2025-12-24 19:31:16,1766604676000,24.09,sensor:temperature
2025-12-24 19:31:23,1766604683000,24.09,sensor:temperature
2025-12-24 19:31:29,1766604689000,24.08,sensor:temperature
2025-12-24 19:31:36,1766604696000,24.08,sensor:temperature
2025-12-24 19:31:42,1766604702000,24.06,sensor:temperature
2025-12-24 19:31:49,1766604709000,24.06,sensor:temperature
2025-12-24 19:31:56,1766604716000,24.06,sensor:temperature
2025-12-24 19:32:02,1766604722000,24.04,sensor:temperature
2025-12-24 19:32:10,1766604730000,24.03,sensor:temperature
2025-12-24 19:32:17,1766604737000,24.03,sensor:temperature
2025-12-24 19:32:23,1766604743000,24.02,sensor:temperature
2025-12-24 19:32:29,1766604749000,24.02,sensor:temperature
2025-12-24 19:32:36,1766604756000,24.01,sensor:temperature
2025-12-24 19:32:43,1766604763000,24.01,sensor:temperature
2025-12-24 19:32:50,1766604770000,24.02,sensor:temperature
2025-12-24 19:32:56,1766604776000,24.01,sensor:temperature
2025-12-24 19:33:03,1766604783000,24.01,sensor:temperature
2025-12-24 19:33:09,1766604789000,24.03,sensor:temperature
2025-12-24 19:33:16,1766604796000,24.02,sensor:temperature
2025-12-24 19:33:23,1766604803000,24.03,sensor:temperature
2025-12-24 19:33:30,1766604810000,24.02,sensor:temperature
2025-12-24 19:33:37,1766604817000,24.02,sensor:temperature
2025-12-24 19:33:43,1766604823000,24.03,sensor:temperature
2025-12-24 19:33:50,1766604830000,24.02,sensor:temperature
2025-12-24 19:33:57,1766604837000,24.01,sensor:temperature
2025-12-24 19:34:04,1766604844000,24.01,sensor:temperature
2025-12-24 19:34:11,1766604851000,24.0,sensor:temperature
2025-12-24 19:34:18,1766604858000,23.99,sensor:temperature
2025-12-24 19:34:25,1766604865000,23.99,sensor:temperature
2025-12-24 19:34:31,1766604871000,24.0,sensor:temperature
2025-12-24 19:34:38,1766604878000,24.0,sensor:temperature
2025-12-24 19:34:45,1766604885000,23.98,sensor:temperature
2025-12-24 19:34:51,1766604891000,23.98,sensor:temperature
2025-12-24 19:34:58,1766604898000,23.97,sensor:temperature
2025-12-24 19:35:05,1766604905000,23.97,sensor:temperature
2025-12-24 19:35:11,1766604911000,23.96,sensor:temperature
2025-12-24 19:35:18,1766604918000,23.95,sensor:temperature
2025-12-24 19:35:25,1766604925000,23.95,sensor:temperature
2025-12-24 19:35:32,1766604932000,23.96,sensor:temperature
2025-12-24 19:35:38,1766604938000,23.96,sensor:temperature
2025-12-24 19:35:45,1766604945000,23.95,sensor:temperature
2025-12-24 19:35:52,1766604952000,23.95,sensor:temperature
2025-12-24 19:35:58,1766604958000,23.94,sensor:temperature
2025-12-24 19:36:05,1766604965000,23.94,sensor:temperature
2025-12-24 19:36:12,1766604972000,23.94,sensor:temperature
2025-12-24 19:36:19,1766604979000,23.94,sensor:temperature
2025-12-24 19:36:26,1766604986000,23.92,sensor:temperature
2025-12-24 19:36:33,1766604993000,23.92,sensor:temperature
2025-12-24 19:36:39,1766604999000,23.92,sensor:temperature
2025-12-24 19:36:46,1766605006000,23.92,sensor:temperature
2025-12-24 19:36:52,1766605012000,23.94,sensor:temperature
2025-12-24 19:37:00,1766605020000,23.91,sensor:temperature
2025-12-24 19:37:06,1766605026000,23.9,sensor:temperature
2025-12-24 19:37:12,1766605032000,23.9,sensor:temperature
2025-12-24 21:22:01,1766611321000,23.95,sensor:temperature
2025-12-24 21:22:07,1766611327000,23.95,sensor:temperature
2025-12-24 21:22:30,1766611350000,23.95,sensor:temperature
2025-12-24 21:22:39,1766611359000,23.96,sensor:temperature
2025-12-24 21:22:45,1766611365000,23.96,sensor:temperature
2025-12-24 21:22:51,1766611371000,23.95,sensor:temperature
2025-12-24 21:22:57,1766611377000,23.95,sensor:temperature
2025-12-24 21:23:04,1766611384000,23.95,sensor:temperature
2025-12-24 21:23:11,1766611391000,23.94,sensor:temperature
2025-12-24 21:23:18,1766611398000,23.91,sensor:temperature
2025-12-24 21:23:25,1766611405000,23.89,sensor:temperature
2025-12-24 21:23:32,1766611412000,23.89,sensor:temperature
2025-12-24 21:23:40,1766611420000,23.89,sensor:temperature
2025-12-24 21:23:47,1766611427000,23.95,sensor:temperature
2025-12-24 21:23:54,1766611434000,23.97,sensor:temperature
2025-12-24 21:24:00,1766611440000,23.98,sensor:temperature
2025-12-24 21:24:07,1766611447000,23.98,sensor:temperature
2025-12-24 21:24:13,1766611453000,24.01,sensor:temperature
2025-12-24 21:24:20,1766611460000,23.99,sensor:temperature
2025-12-24 21:24:27,1766611467000,23.96,sensor:temperature
2025-12-24 21:24:34,1766611474000,23.92,sensor:temperature
2025-12-24 21:24:40,1766611480000,23.92,sensor:temperature
2025-12-24 21:24:46,1766611486000,23.89,sensor:temperature
2025-12-24 21:24:53,1766611493000,23.87,sensor:temperature
2025-12-24 21:25:00,1766611500000,23.85,sensor:temperature
2025-12-24 21:25:07,1766611507000,23.85,sensor:temperature
2025-12-24 21:25:13,1766611513000,23.87,sensor:temperature
2025-12-24 21:25:23,1766611523000,23.88,sensor:temperature
2025-12-24 21:25:29,1766611529000,23.87,sensor:temperature
2025-12-24 21:25:35,1766611535000,23.88,sensor:temperature
2025-12-24 21:25:42,1766611542000,23.9,sensor:temperature
2025-12-24 21:25:48,1766611548000,23.92,sensor:temperature
2025-12-24 21:25:55,1766611555000,23.91,sensor:temperature
2025-12-24 21:26:01,1766611561000,23.88,sensor:temperature
2025-12-24 21:26:08,1766611568000,23.86,sensor:temperature
2025-12-24 21:26:14,1766611574000,23.85,sensor:temperature
2025-12-24 21:26:21,1766611581000,23.83,sensor:temperature
2025-12-24 21:26:27,1766611587000,23.82,sensor:temperature
2025-12-24 21:26:34,1766611594000,23.84,sensor:temperature
2025-12-24 21:26:41,1766611601000,23.83,sensor:temperature
2025-12-24 21:26:47,1766611607000,23.82,sensor:temperature
2025-12-24 21:26:53,1766611613000,23.83,sensor:temperature
2025-12-24 21:26:59,1766611619000,23.82,sensor:temperature
2025-12-24 21:27:06,1766611626000,23.82,sensor:temperature
2025-12-24 21:27:13,1766611633000,23.82,sensor:temperature
2025-12-24 21:27:20,1766611640000,23.83,sensor:temperature
2025-12-24 21:27:27,1766611647000,23.86,sensor:temperature
2025-12-24 21:27:33,1766611653000,23.87,sensor:temperature
2025-12-24 21:27:40,1766611660000,23.9,sensor:temperature
2025-12-24 21:27:46,1766611666000,23.9,sensor:temperature
2025-12-24 21:27:52,1766611672000,23.9,sensor:temperature
2025-12-24 21:27:59,1766611679000,23.9,sensor:temperature
2025-12-24 21:28:06,1766611686000,23.92,sensor:temperature
2025-12-24 21:28:12,1766611692000,23.91,sensor:temperature
2025-12-24 21:28:19,1766611699000,23.89,sensor:temperature
2025-12-24 21:28:25,1766611705000,23.92,sensor:temperature
2025-12-24 21:28:32,1766611712000,23.95,sensor:temperature
2025-12-24 21:28:39,1766611719000,23.96,sensor:temperature
2025-12-24 21:28:45,1766611725000,23.99,sensor:temperature
2025-12-24 21:28:52,1766611732000,24.02,sensor:temperature
2025-12-24 21:28:58,1766611738000,24.04,sensor:temperature
2025-12-24 21:46:54,1766612814000,24.17,sensor:temperature
2025-12-24 21:47:00,1766612820000,24.13,sensor:temperature
2025-12-24 21:47:06,1766612826000,24.14,sensor:temperature
2025-12-24 21:47:12,1766612832000,24.14,sensor:temperature
2025-12-24 21:47:19,1766612839000,24.12,sensor:temperature
2025-12-24 21:47:25,1766612845000,24.12,sensor:temperature
2025-12-24 21:47:31,1766612851000,24.1,sensor:temperature
2025-12-24 21:47:37,1766612857000,24.09,sensor:temperature
2025-12-24 21:47:44,1766612864000,24.08,sensor:temperature
2025-12-24 21:47:50,1766612870000,24.11,sensor:temperature
2025-12-24 21:47:56,1766612876000,24.1,sensor:temperature
2025-12-24 21:48:02,1766612882000,24.1,sensor:temperature
2025-12-24 21:48:08,1766612888000,24.08,sensor:temperature
2025-12-24 21:48:14,1766612894000,24.04,sensor:temperature
2025-12-24 21:48:20,1766612900000,24.02,sensor:temperature
2025-12-24 21:48:26,1766612906000,23.99,sensor:temperature
2025-12-24 21:48:33,1766612913000,23.99,sensor:temperature
2025-12-24 21:48:39,1766612919000,24.0,sensor:temperature
2025-12-24 21:48:48,1766612928000,23.99,sensor:temperature
2025-12-24 21:49:00,1766612940000,24.02,sensor:temperature
2025-12-24 21:49:36,1766612976000,24.02,sensor:temperature
2025-12-24 21:49:43,1766612983000,24.01,sensor:temperature
2025-12-24 21:49:54,1766612994000,24.01,sensor:temperature
2025-12-24 21:50:01,1766613001000,24.02,sensor:temperature
2025-12-24 21:50:08,1766613008000,24.02,sensor:temperature
2025-12-24 21:50:19,1766613019000,24.01,sensor:temperature
2025-12-24 21:50:28,1766613028000,24.01,sensor:temperature
2025-12-24 21:50:34,1766613034000,23.99,sensor:temperature
2025-12-24 21:50:42,1766613042000,23.99,sensor:temperature
2025-12-24 21:50:48,1766613048000,23.96,sensor:temperature
2025-12-24 21:51:00,1766613060000,23.99,sensor:temperature
2025-12-24 21:51:07,1766613067000,23.99,sensor:temperature
2025-12-24 21:51:13,1766613073000,23.99,sensor:temperature
2025-12-24 21:56:59,1766613419000,24.1,sensor:temperature
2025-12-24 21:57:05,1766613425000,24.11,sensor:temperature
2025-12-24 21:57:11,1766613431000,24.1,sensor:temperature
2025-12-24 21:57:17,1766613437000,24.11,sensor:temperature
2025-12-24 21:57:23,1766613443000,24.11,sensor:temperature
2025-12-24 21:57:30,1766613450000,24.11,sensor:temperature
2025-12-24 21:57:37,1766613457000,24.08,sensor:temperature
2025-12-24 21:57:46,1766613466000,24.04,sensor:temperature
2025-12-24 21:57:57,1766613477000,24.01,sensor:temperature
2025-12-24 21:58:04,1766613484000,23.97,sensor:temperature
2025-12-24 22:02:16,1766613736000,24.13,sensor:temperature
2025-12-24 22:02:18,1766613738000,24.12,sensor:temperature
2025-12-24 22:02:20,1766613740000,24.12,sensor:temperature
2025-12-24 22:02:22,1766613742000,24.11,sensor:temperature
2025-12-24 22:02:24,1766613744000,24.12,sensor:temperature
2025-12-24 22:02:26,1766613746000,24.11,sensor:temperature
2025-12-24 22:02:28,1766613748000,24.12,sensor:temperature
2025-12-24 22:02:30,1766613750000,24.12,sensor:temperature
2025-12-24 22:02:32,1766613752000,24.1,sensor:temperature
2025-12-24 22:02:34,1766613754000,24.1,sensor:temperature
2025-12-24 22:02:36,1766613756000,24.09,sensor:temperature
2025-12-24 22:02:39,1766613759000,24.09,sensor:temperature
2025-12-24 22:02:50,1766613770000,24.08,sensor:temperature
2025-12-24 22:03:02,1766613782000,24.06,sensor:temperature
2025-12-24 22:03:21,1766613801000,24.08,sensor:temperature
2025-12-24 22:03:24,1766613804000,24.1,sensor:temperature
2025-12-24 22:03:26,1766613806000,24.08,sensor:temperature
2025-12-24 22:03:28,1766613808000,24.09,sensor:temperature
2025-12-24 22:03:30,1766613810000,24.08,sensor:temperature
2025-12-24 22:03:38,1766613818000,24.06,sensor:temperature
2025-12-24 22:03:40,1766613820000,24.06,sensor:temperature
2025-12-24 22:03:42,1766613822000,24.04,sensor:temperature
2025-12-24 22:03:46,1766613826000,24.06,sensor:temperature
2025-12-24 22:03:48,1766613828000,24.06,sensor:temperature
2025-12-24 22:03:50,1766613830000,24.08,sensor:temperature
2025-12-24 22:03:52,1766613832000,24.1,sensor:temperature
2025-12-24 22:03:54,1766613834000,24.09,sensor:temperature
2025-12-24 22:03:56,1766613836000,24.09,sensor:temperature
2025-12-24 22:03:58,1766613838000,24.11,sensor:temperature
2025-12-24 22:04:00,1766613840000,24.12,sensor:temperature
2025-12-24 22:04:01,1766613841000,24.12,sensor:temperature
2025-12-24 22:04:04,1766613844000,24.11,sensor:temperature
2025-12-24 22:04:09,1766613849000,24.11,sensor:temperature
2025-12-24 22:04:11,1766613851000,24.11,sensor:temperature
2025-12-24 22:04:13,1766613853000,24.11,sensor:temperature
2025-12-24 22:04:20,1766613860000,24.11,sensor:temperature
2025-12-24 22:04:38,1766613878000,24.1,sensor:temperature
2025-12-24 22:04:47,1766613887000,24.09,sensor:temperature
2025-12-24 22:05:06,1766613906000,24.09,sensor:temperature
2025-12-24 22:05:08,1766613908000,24.1,sensor:temperature
2025-12-24 22:05:10,1766613910000,24.09,sensor:temperature
2025-12-24 22:05:12,1766613912000,24.09,sensor:temperature
2025-12-24 22:05:14,1766613914000,24.1,sensor:temperature
2025-12-24 22:05:16,1766613916000,24.1,sensor:temperature
2025-12-24 22:05:18,1766613918000,24.1,sensor:temperature
2025-12-24 22:05:19,1766613919000,24.1,sensor:temperature
2025-12-24 22:05:21,1766613921000,24.11,sensor:temperature
2025-12-24 22:05:23,1766613923000,24.12,sensor:temperature
2025-12-24 22:05:25,1766613925000,24.13,sensor:temperature
2025-12-24 22:05:27,1766613927000,24.12,sensor:temperature
2025-12-24 22:05:29,1766613929000,24.13,sensor:temperature
2025-12-24 22:05:31,1766613931000,24.12,sensor:temperature
2025-12-24 22:05:32,1766613932000,24.12,sensor:temperature
2025-12-24 22:05:34,1766613934000,24.13,sensor:temperature
2025-12-24 22:05:36,1766613936000,24.12,sensor:temperature
2025-12-24 22:05:38,1766613938000,24.13,sensor:temperature
2025-12-24 22:05:40,1766613940000,24.14,sensor:temperature
2025-12-24 22:05:42,1766613942000,24.14,sensor:temperature
2025-12-24 22:05:43,1766613943000,24.14,sensor:temperature
2025-12-24 22:05:45,1766613945000,24.14,sensor:temperature
2025-12-24 22:05:47,1766613947000,24.16,sensor:temperature
2025-12-24 22:07:38,1766614058000,24.27,sensor:temperature
2025-12-24 22:08:02,1766614082000,24.21,sensor:temperature
2025-12-24 22:08:07,1766614087000,24.2,sensor:temperature
2025-12-24 22:08:13,1766614093000,24.23,sensor:temperature
2025-12-24 22:08:20,1766614100000,24.24,sensor:temperature
2025-12-24 22:08:27,1766614107000,24.24,sensor:temperature
2025-12-24 22:08:33,1766614113000,24.27,sensor:temperature
2025-12-24 22:08:40,1766614120000,24.28,sensor:temperature
2025-12-24 22:08:46,1766614126000,24.25,sensor:temperature
2025-12-24 22:08:53,1766614133000,24.23,sensor:temperature
2025-12-24 22:08:59,1766614139000,24.21,sensor:temperature
2025-12-24 22:09:05,1766614145000,24.21,sensor:temperature
2025-12-24 22:09:10,1766614150000,24.19,sensor:temperature
2025-12-24 22:09:16,1766614156000,24.19,sensor:temperature
2025-12-24 22:09:22,1766614162000,24.21,sensor:temperature
2025-12-24 22:09:29,1766614169000,24.18,sensor:temperature
2025-12-24 22:09:35,1766614175000,24.18,sensor:temperature
2025-12-24 22:09:41,1766614181000,24.15,sensor:temperature
2025-12-24 22:09:48,1766614188000,24.15,sensor:temperature
2025-12-24 22:09:54,1766614194000,24.15,sensor:temperature
2025-12-24 22:09:59,1766614199000,24.14,sensor:temperature
2025-12-24 22:10:06,1766614206000,24.14,sensor:temperature
2025-12-24 22:10:18,1766614218000,24.16,sensor:temperature
2025-12-24 22:10:25,1766614225000,24.15,sensor:temperature
2025-12-24 22:10:31,1766614231000,24.17,sensor:temperature
2025-12-24 22:10:37,1766614237000,24.17,sensor:temperature
2025-12-24 22:10:44,1766614244000,24.18,sensor:temperature
2025-12-24 22:10:50,1766614250000,24.18,sensor:temperature
2025-12-24 22:10:56,1766614256000,24.17,sensor:temperature
2025-12-24 22:11:02,1766614262000,24.15,sensor:temperature
2025-12-24 22:11:08,1766614268000,24.16,sensor:temperature
2025-12-24 22:11:15,1766614275000,24.13,sensor:temperature
2025-12-24 22:11:22,1766614282000,24.14,sensor:temperature
2025-12-24 22:11:28,1766614288000,24.11,sensor:temperature
2025-12-24 22:11:34,1766614294000,24.11,sensor:temperature
2025-12-24 22:11:41,1766614301000,24.1,sensor:temperature
2025-12-24 22:11:48,1766614308000,24.09,sensor:temperature
2025-12-24 22:11:54,1766614314000,24.09,sensor:temperature
2025-12-24 22:12:23,1766614343000,24.08,sensor:temperature
2025-12-24 22:42:56,1766616176000,24.71,sensor:temperature
2025-12-24 22:43:03,1766616183000,24.72,sensor:temperature
2025-12-24 22:43:10,1766616190000,24.72,sensor:temperature
2025-12-24 22:43:16,1766616196000,24.69,sensor:temperature
2025-12-24 22:43:23,1766616203000,24.69,sensor:temperature
2025-12-24 22:43:32,1766616212000,24.69,sensor:temperature
2025-12-24 22:43:38,1766616218000,24.7,sensor:temperature
2025-12-24 22:43:44,1766616224000,24.7,sensor:temperature
2025-12-24 22:43:50,1766616230000,24.72,sensor:temperature
2025-12-24 22:43:56,1766616236000,24.71,sensor:temperature
2025-12-24 22:44:02,1766616242000,24.71,sensor:temperature
2025-12-24 22:44:08,1766616248000,24.72,sensor:temperature
2025-12-24 22:44:14,1766616254000,24.71,sensor:temperature
2025-12-24 22:44:21,1766616261000,24.71,sensor:temperature
2025-12-24 22:44:28,1766616268000,24.68,sensor:temperature
2025-12-24 22:44:34,1766616274000,24.68,sensor:temperature
2025-12-24 22:44:39,1766616279000,24.66,sensor:temperature
2025-12-24 22:44:45,1766616285000,24.65,sensor:temperature
2025-12-24 22:44:52,1766616292000,24.63,sensor:temperature
2025-12-24 22:44:58,1766616298000,24.61,sensor:temperature
2025-12-24 22:45:04,1766616304000,24.63,sensor:temperature
2025-12-24 22:45:10,1766616310000,24.62,sensor:temperature
2025-12-24 22:45:16,1766616316000,24.61,sensor:temperature
2025-12-24 22:45:22,1766616322000,24.61,sensor:temperature
2025-12-24 22:45:28,1766616328000,24.6,sensor:temperature
2025-12-24 22:45:34,1766616334000,24.61,sensor:temperature
2025-12-24 22:45:40,1766616340000,24.61,sensor:temperature
2025-12-24 22:45:45,1766616345000,24.59,sensor:temperature
2025-12-24 22:45:51,1766616351000,24.6,sensor:temperature
2025-12-24 22:45:58,1766616358000,24.58,sensor:temperature
2025-12-24 22:46:04,1766616364000,24.59,sensor:temperature
2025-12-24 22:46:10,1766616370000,24.57,sensor:temperature
2025-12-24 22:46:16,1766616376000,24.57,sensor:temperature
2025-12-24 22:46:22,1766616382000,24.56,sensor:temperature
2025-12-24 22:46:28,1766616388000,24.56,sensor:temperature
2025-12-24 22:46:37,1766616397000,24.56,sensor:temperature
2025-12-24 22:46:43,1766616403000,24.57,sensor:temperature
2025-12-24 22:46:49,1766616409000,24.57,sensor:temperature
2025-12-24 22:46:54,1766616414000,24.56,sensor:temperature
2025-12-24 22:47:00,1766616420000,24.55,sensor:temperature
2025-12-24 22:47:07,1766616427000,24.56,sensor:temperature
2025-12-24 22:47:13,1766616433000,24.56,sensor:temperature
2025-12-24 22:47:19,1766616439000,24.56,sensor:temperature
2025-12-24 22:47:25,1766616445000,24.57,sensor:temperature
2025-12-24 22:47:31,1766616451000,24.58,sensor:temperature
2025-12-24 22:47:38,1766616458000,24.58,sensor:temperature
2025-12-24 22:47:43,1766616463000,24.55,sensor:temperature
2025-12-24 22:47:49,1766616469000,24.55,sensor:temperature
2025-12-24 22:47:55,1766616475000,24.56,sensor:temperature
2025-12-24 22:48:01,1766616481000,24.55,sensor:temperature
2025-12-24 22:48:07,1766616487000,24.55,sensor:temperature
2025-12-24 22:48:13,1766616493000,24.53,sensor:temperature
2025-12-24 22:48:19,1766616499000,24.51,sensor:temperature
2025-12-24 22:48:25,1766616505000,24.53,sensor:temperature
2025-12-24 22:48:32,1766616512000,24.54,sensor:temperature
2025-12-24 22:48:38,1766616518000,24.56,sensor:temperature
2025-12-24 22:48:44,1766616524000,24.55,sensor:temperature
2025-12-24 22:48:50,1766616530000,24.58,sensor:temperature
2025-12-24 22:48:56,1766616536000,24.57,sensor:temperature
2025-12-24 22:49:01,1766616541000,24.56,sensor:temperature
2025-12-24 22:49:07,1766616547000,24.55,sensor:temperature
2025-12-24 22:49:13,1766616553000,24.56,sensor:temperature
2025-12-24 22:49:19,1766616559000,24.53,sensor:temperature
2025-12-24 22:49:26,1766616566000,24.55,sensor:temperature
2025-12-24 22:49:32,1766616572000,24.54,sensor:temperature
2025-12-24 22:49:38,1766616578000,24.55,sensor:temperature
2025-12-24 22:49:44,1766616584000,24.56,sensor:temperature
2025-12-24 22:49:50,1766616590000,24.56,sensor:temperature
2025-12-24 22:49:56,1766616596000,24.56,sensor:temperature
2025-12-24 22:50:03,1766616603000,24.57,sensor:temperature
2025-12-24 22:50:09,1766616609000,24.57,sensor:temperature
2025-12-24 22:50:15,1766616615000,24.56,sensor:temperature
2025-12-24 22:50:21,1766616621000,24.56,sensor:temperature
2025-12-24 22:50:27,1766616627000,24.56,sensor:temperature
2025-12-24 22:50:33,1766616633000,24.56,sensor:temperature
2025-12-24 22:50:38,1766616638000,24.56,sensor:temperature
2025-12-24 22:50:45,1766616645000,24.57,sensor:temperature
2025-12-24 22:50:51,1766616651000,24.58,sensor:temperature
2025-12-24 22:50:57,1766616657000,24.57,sensor:temperature
2025-12-24 22:51:03,1766616663000,24.58,sensor:temperature
2025-12-24 22:51:09,1766616669000,24.58,sensor:temperature
2025-12-24 22:51:14,1766616674000,24.59,sensor:temperature
2025-12-24 22:51:20,1766616680000,24.56,sensor:temperature
2025-12-24 22:51:26,1766616686000,24.57,sensor:temperature
2025-12-24 22:51:32,1766616692000,24.56,sensor:temperature
2025-12-24 22:51:38,1766616698000,24.57,sensor:temperature
2025-12-24 22:51:44,1766616704000,24.58,sensor:temperature
2025-12-24 22:51:50,1766616710000,24.58,sensor:temperature
2025-12-24 22:51:55,1766616715000,24.58,sensor:temperature
2025-12-24 22:52:02,1766616722000,24.56,sensor:temperature
2025-12-24 22:52:08,1766616728000,24.53,sensor:temperature
2025-12-24 22:52:13,1766616733000,24.56,sensor:temperature
2025-12-24 22:52:20,1766616740000,24.55,sensor:temperature
2025-12-24 22:52:26,1766616746000,24.56,sensor:temperature
2025-12-24 22:52:32,1766616752000,24.54,sensor:temperature
2025-12-24 22:52:38,1766616758000,24.54,sensor:temperature
2025-12-24 22:52:43,1766616763000,24.53,sensor:temperature
2025-12-24 22:52:50,1766616770000,24.53,sensor:temperature
2025-12-24 22:52:56,1766616776000,24.5,sensor:temperature
2025-12-24 22:53:02,1766616782000,24.5,sensor:temperature
2025-12-24 22:53:08,1766616788000,24.5,sensor:temperature
2025-12-24 22:53:15,1766616795000,24.49,sensor:temperature
2025-12-24 22:53:21,1766616801000,24.48,sensor:temperature
2025-12-24 22:53:26,1766616806000,24.47,sensor:temperature
2025-12-24 22:53:32,1766616812000,24.46,sensor:temperature
2025-12-24 22:53:39,1766616819000,24.47,sensor:temperature
2025-12-24 22:53:44,1766616824000,24.48,sensor:temperature
2025-12-24 22:53:50,1766616830000,24.48,sensor:temperature
2025-12-24 22:53:57,1766616837000,24.48,sensor:temperature
2025-12-24 22:54:03,1766616843000,24.48,sensor:temperature
2025-12-24 22:54:09,1766616849000,24.46,sensor:temperature
2025-12-24 22:54:15,1766616855000,24.47,sensor:temperature
2025-12-24 22:54:21,1766616861000,24.47,sensor:temperature
2025-12-24 22:54:27,1766616867000,24.47,sensor:temperature
2025-12-24 22:54:33,1766616873000,24.45,sensor:temperature
2025-12-24 22:54:39,1766616879000,24.45,sensor:temperature
2025-12-24 22:54:45,1766616885000,24.46,sensor:temperature
2025-12-24 22:54:51,1766616891000,24.45,sensor:temperature
2025-12-24 22:54:57,1766616897000,24.45,sensor:temperature
2025-12-24 22:55:03,1766616903000,24.44,sensor:temperature
2025-12-24 22:55:09,1766616909000,24.44,sensor:temperature
2025-12-24 22:55:15,1766616915000,24.45,sensor:temperature
2025-12-24 22:55:21,1766616921000,24.45,sensor:temperature
2025-12-24 22:55:27,1766616927000,24.44,sensor:temperature
2025-12-24 22:55:33,1766616933000,24.45,sensor:temperature
2025-12-24 22:55:39,1766616939000,24.45,sensor:temperature
2025-12-24 22:55:45,1766616945000,24.45,sensor:temperature
2025-12-24 22:55:51,1766616951000,24.44,sensor:temperature
2025-12-24 22:55:57,1766616957000,24.43,sensor:temperature
2025-12-24 22:56:03,1766616963000,24.43,sensor:temperature
2025-12-24 22:56:09,1766616969000,24.43,sensor:temperature
2025-12-24 22:56:15,1766616975000,24.43,sensor:temperature
2025-12-24 22:56:21,1766616981000,24.43,sensor:temperature
2025-12-24 22:56:28,1766616988000,24.41,sensor:temperature
2025-12-24 22:56:34,1766616994000,24.4,sensor:temperature
2025-12-24 22:56:39,1766616999000,24.41,sensor:temperature
2025-12-24 22:56:45,1766617005000,24.41,sensor:temperature
2025-12-24 22:56:51,1766617011000,24.4,sensor:temperature
2025-12-24 22:56:57,1766617017000,24.4,sensor:temperature
2025-12-24 22:57:04,1766617024000,24.4,sensor:temperature
2025-12-24 22:57:10,1766617030000,24.4,sensor:temperature
2025-12-24 22:57:15,1766617035000,24.39,sensor:temperature
2025-12-24 22:57:21,1766617041000,24.39,sensor:temperature
2025-12-24 22:57:27,1766617047000,24.38,sensor:temperature
2025-12-24 22:57:33,1766617053000,24.38,sensor:temperature
2025-12-24 22:57:40,1766617060000,24.4,sensor:temperature
2025-12-24 22:57:46,1766617066000,24.39,sensor:temperature
2025-12-24 22:57:52,1766617072000,24.38,sensor:temperature
2025-12-24 22:57:59,1766617079000,24.39,sensor:temperature
2025-12-24 22:58:06,1766617086000,24.38,sensor:temperature
2025-12-24 22:58:13,1766617093000,24.39,sensor:temperature
2025-12-24 22:58:19,1766617099000,24.36,sensor:temperature
2025-12-24 22:58:24,1766617104000,24.35,sensor:temperature
2025-12-24 22:58:30,1766617110000,24.38,sensor:temperature
2025-12-24 22:58:36,1766617116000,24.36,sensor:temperature
2025-12-24 22:58:43,1766617123000,24.36,sensor:temperature
2025-12-24 22:58:50,1766617130000,24.38,sensor:temperature
2025-12-24 22:58:57,1766617137000,24.36,sensor:temperature
2025-12-24 22:59:03,1766617143000,24.4,sensor:temperature
2025-12-24 22:59:10,1766617150000,24.4,sensor:temperature
2025-12-24 22:59:17,1766617157000,24.42,sensor:temperature
2025-12-24 22:59:23,1766617163000,24.42,sensor:temperature
2025-12-24 22:59:29,1766617169000,24.42,sensor:temperature
2025-12-24 22:59:36,1766617176000,24.41,sensor:temperature
2025-12-24 22:59:44,1766617184000,24.42,sensor:temperature
2025-12-24 22:59:51,1766617191000,24.42,sensor:temperature
2025-12-24 22:59:56,1766617196000,24.43,sensor:temperature
2025-12-24 23:00:03,1766617203000,24.41,sensor:temperature
2025-12-24 23:00:10,1766617210000,24.41,sensor:temperature
2025-12-24 23:00:16,1766617216000,24.41,sensor:temperature
2025-12-24 23:00:24,1766617224000,24.41,sensor:temperature
2025-12-24 23:00:31,1766617231000,24.41,sensor:temperature
2025-12-24 23:00:37,1766617237000,24.42,sensor:temperature
2025-12-24 23:00:44,1766617244000,24.41,sensor:temperature
2025-12-24 23:00:51,1766617251000,24.39,sensor:temperature
2025-12-24 23:00:59,1766617259000,24.41,sensor:temperature
2025-12-24 23:01:06,1766617266000,24.4,sensor:temperature
2025-12-24 23:01:13,1766617273000,24.41,sensor:temperature
2025-12-24 23:01:20,1766617280000,24.42,sensor:temperature
2025-12-24 23:01:26,1766617286000,24.42,sensor:temperature
2025-12-24 23:01:32,1766617292000,24.42,sensor:temperature
2025-12-24 23:01:38,1766617298000,24.42,sensor:temperature
2025-12-24 23:01:45,1766617305000,24.42,sensor:temperature
2025-12-24 23:01:52,1766617312000,24.44,sensor:temperature
2025-12-24 23:01:59,1766617319000,24.42,sensor:temperature
2025-12-24 23:02:06,1766617326000,24.42,sensor:temperature
2025-12-24 23:02:12,1766617332000,24.41,sensor:temperature
2025-12-24 23:02:20,1766617340000,24.4,sensor:temperature
2025-12-24 23:02:26,1766617346000,24.4,sensor:temperature
2025-12-24 23:02:32,1766617352000,24.42,sensor:temperature
2025-12-24 23:02:38,1766617358000,24.42,sensor:temperature
2025-12-24 23:02:45,1766617365000,24.43,sensor:temperature
2025-12-24 23:02:51,1766617371000,24.44,sensor:temperature
2025-12-24 23:02:58,1766617378000,24.45,sensor:temperature
2025-12-24 23:03:04,1766617384000,24.46,sensor:temperature
2025-12-24 23:03:11,1766617391000,24.45,sensor:temperature
2025-12-24 23:03:18,1766617398000,24.46,sensor:temperature
2025-12-24 23:03:24,1766617404000,24.46,sensor:temperature
2025-12-24 23:03:31,1766617411000,24.45,sensor:temperature
2025-12-24 23:03:37,1766617417000,24.43,sensor:temperature
2025-12-24 23:03:43,1766617423000,24.43,sensor:temperature
2025-12-24 23:03:50,1766617430000,24.43,sensor:temperature
2025-12-24 23:03:57,1766617437000,24.42,sensor:temperature
2025-12-24 23:04:03,1766617443000,24.42,sensor:temperature
2025-12-24 23:04:10,1766617450000,24.41,sensor:temperature
2025-12-24 23:04:17,1766617457000,24.44,sensor:temperature
2025-12-24 23:04:23,1766617463000,24.42,sensor:temperature
2025-12-24 23:04:29,1766617469000,24.43,sensor:temperature
2025-12-24 23:04:36,1766617476000,24.42,sensor:temperature
2025-12-24 23:04:43,1766617483000,24.41,sensor:temperature
2025-12-24 23:04:49,1766617489000,24.42,sensor:temperature
2025-12-24 23:04:55,1766617495000,24.42,sensor:temperature
2025-12-24 23:05:02,1766617502000,24.42,sensor:temperature
2025-12-24 23:05:08,1766617508000,24.43,sensor:temperature
2025-12-24 23:05:15,1766617515000,24.44,sensor:temperature
2025-12-24 23:05:21,1766617521000,24.44,sensor:temperature
2025-12-24 23:05:27,1766617527000,24.45,sensor:temperature
2025-12-24 23:05:33,1766617533000,24.45,sensor:temperature
2025-12-24 23:05:40,1766617540000,24.45,sensor:temperature
2025-12-24 23:05:47,1766617547000,24.45,sensor:temperature
2025-12-24 23:05:53,1766617553000,24.46,sensor:temperature
2025-12-24 23:06:00,1766617560000,24.45,sensor:temperature
2025-12-24 23:06:06,1766617566000,24.46,sensor:temperature
2025-12-24 23:06:13,1766617573000,24.47,sensor:temperature
2025-12-24 23:06:20,1766617580000,24.47,sensor:temperature
2025-12-24 23:06:26,1766617586000,24.46,sensor:temperature
2025-12-24 23:06:33,1766617593000,24.45,sensor:temperature
2025-12-24 23:06:40,1766617600000,24.44,sensor:temperature
2025-12-24 23:06:46,1766617606000,24.43,sensor:temperature
2025-12-24 23:06:53,1766617613000,24.45,sensor:temperature
2025-12-24 23:07:00,1766617620000,24.44,sensor:temperature
2025-12-24 23:07:07,1766617627000,24.43,sensor:temperature
2025-12-24 23:07:14,1766617634000,24.44,sensor:temperature
2025-12-24 23:07:21,1766617641000,24.45,sensor:temperature
2025-12-24 23:07:28,1766617648000,24.45,sensor:temperature
2025-12-24 23:07:34,1766617654000,24.46,sensor:temperature
2025-12-24 23:07:41,1766617661000,24.46,sensor:temperature
2025-12-24 23:07:48,1766617668000,24.45,sensor:temperature
2025-12-24 23:07:56,1766617676000,24.44,sensor:temperature
2025-12-24 23:08:03,1766617683000,24.46,sensor:temperature
2025-12-24 23:08:10,1766617690000,24.45,sensor:temperature
2025-12-24 23:08:17,1766617697000,24.45,sensor:temperature
2025-12-24 23:08:23,1766617703000,24.43,sensor:temperature
2025-12-24 23:08:29,1766617709000,24.44,sensor:temperature
2025-12-24 23:08:36,1766617716000,24.45,sensor:temperature
2025-12-24 23:08:43,1766617723000,24.45,sensor:temperature
2025-12-24 23:08:49,1766617729000,24.45,sensor:temperature
2025-12-24 23:08:57,1766617737000,24.45,sensor:temperature
2025-12-24 23:09:03,1766617743000,24.47,sensor:temperature
2025-12-24 23:09:10,1766617750000,24.47,sensor:temperature
2025-12-24 23:09:17,1766617757000,24.46,sensor:temperature
2025-12-24 23:09:23,1766617763000,24.47,sensor:temperature
2025-12-24 23:09:30,1766617770000,24.47,sensor:temperature
2025-12-24 23:09:37,1766617777000,24.46,sensor:temperature
2025-12-24 23:09:44,1766617784000,24.46,sensor:temperature
2025-12-24 23:09:51,1766617791000,24.47,sensor:temperature
2025-12-24 23:09:57,1766617797000,24.49,sensor:temperature
2025-12-24 23:10:03,1766617803000,24.49,sensor:temperature
2025-12-24 23:10:10,1766617810000,24.5,sensor:temperature
2025-12-24 23:10:17,1766617817000,24.51,sensor:temperature
2025-12-24 23:10:23,1766617823000,24.51,sensor:temperature
2025-12-24 23:10:30,1766617830000,24.51,sensor:temperature
2025-12-24 23:10:36,1766617836000,24.53,sensor:temperature
2025-12-24 23:10:42,1766617842000,24.53,sensor:temperature
2025-12-24 23:10:48,1766617848000,24.53,sensor:temperature
2025-12-24 23:10:54,1766617854000,24.54,sensor:temperature
2025-12-24 23:11:01,1766617861000,24.54,sensor:temperature
2025-12-24 23:11:08,1766617868000,24.5,sensor:temperature
2025-12-24 23:11:14,1766617874000,24.49,sensor:temperature
2025-12-24 23:11:20,1766617880000,24.49,sensor:temperature
2025-12-24 23:11:26,1766617886000,24.5,sensor:temperature
2025-12-24 23:11:33,1766617893000,24.5,sensor:temperature
2025-12-24 23:11:40,1766617900000,24.5,sensor:temperature
2025-12-24 23:11:47,1766617907000,24.51,sensor:temperature
2025-12-24 23:11:52,1766617912000,24.51,sensor:temperature
2025-12-24 23:12:00,1766617920000,24.5,sensor:temperature
2025-12-24 23:12:07,1766617927000,24.5,sensor:temperature
2025-12-24 23:12:13,1766617933000,24.49,sensor:temperature
2025-12-24 23:12:20,1766617940000,24.47,sensor:temperature
2025-12-24 23:12:26,1766617946000,24.46,sensor:temperature
2025-12-24 23:12:33,1766617953000,24.47,sensor:temperature
2025-12-24 23:12:40,1766617960000,24.49,sensor:temperature
2025-12-24 23:12:47,1766617967000,24.48,sensor:temperature
2025-12-24 23:12:54,1766617974000,24.47,sensor:temperature
2025-12-24 23:13:00,1766617980000,24.48,sensor:temperature
2025-12-24 23:13:07,1766617987000,24.47,sensor:temperature
2025-12-24 23:13:14,1766617994000,24.47,sensor:temperature
2025-12-24 23:13:20,1766618000000,24.47,sensor:temperature
2025-12-24 23:13:27,1766618007000,24.47,sensor:temperature
2025-12-24 23:13:34,1766618014000,24.48,sensor:temperature
2025-12-24 23:13:40,1766618020000,24.49,sensor:temperature
2025-12-24 23:13:45,1766618025000,24.49,sensor:temperature
2025-12-24 23:13:52,1766618032000,24.5,sensor:temperature
2025-12-24 23:13:59,1766618039000,24.49,sensor:temperature
2025-12-24 23:14:05,1766618045000,24.47,sensor:temperature
2025-12-24 23:14:11,1766618051000,24.44,sensor:temperature
2025-12-24 23:14:17,1766618057000,24.44,sensor:temperature
2025-12-24 23:14:23,1766618063000,24.44,sensor:temperature
2025-12-24 23:14:30,1766618070000,24.46,sensor:temperature
2025-12-24 23:14:37,1766618077000,24.49,sensor:temperature
2025-12-24 23:14:44,1766618084000,24.49,sensor:temperature
2025-12-24 23:14:50,1766618090000,24.47,sensor:temperature
2025-12-24 23:14:57,1766618097000,24.5,sensor:temperature
2025-12-24 23:15:03,1766618103000,24.49,sensor:temperature
2025-12-24 23:15:09,1766618109000,24.51,sensor:temperature
2025-12-24 23:15:15,1766618115000,24.54,sensor:temperature
2025-12-24 23:15:21,1766618121000,24.53,sensor:temperature
2025-12-24 23:15:27,1766618127000,24.57,sensor:temperature
2025-12-24 23:15:33,1766618133000,24.58,sensor:temperature
2025-12-24 23:15:38,1766618138000,24.6,sensor:temperature
2025-12-24 23:15:44,1766618144000,24.61,sensor:temperature
2025-12-24 23:15:51,1766618151000,24.61,sensor:temperature
2025-12-24 23:15:57,1766618157000,24.6,sensor:temperature
2025-12-24 23:16:03,1766618163000,24.6,sensor:temperature
2025-12-24 23:16:10,1766618170000,24.6,sensor:temperature
2025-12-24 23:16:16,1766618176000,24.6,sensor:temperature
2025-12-24 23:16:23,1766618183000,24.6,sensor:temperature
2025-12-24 23:16:30,1766618190000,24.6,sensor:temperature
2025-12-24 23:16:37,1766618197000,24.61,sensor:temperature
2025-12-24 23:16:43,1766618203000,24.63,sensor:temperature
2025-12-24 23:16:49,1766618209000,24.62,sensor:temperature
2025-12-24 23:16:56,1766618216000,24.63,sensor:temperature
2025-12-24 23:17:03,1766618223000,24.63,sensor:temperature
2025-12-24 23:17:09,1766618229000,24.64,sensor:temperature
2025-12-24 23:17:16,1766618236000,24.66,sensor:temperature
2025-12-24 23:17:22,1766618242000,24.66,sensor:temperature
2025-12-24 23:17:28,1766618248000,24.65,sensor:temperature
2025-12-24 23:17:35,1766618255000,24.65,sensor:temperature
2025-12-24 23:17:41,1766618261000,24.66,sensor:temperature
2025-12-24 23:17:48,1766618268000,24.66,sensor:temperature
2025-12-24 23:17:53,1766618273000,24.64,sensor:temperature
2025-12-24 23:18:00,1766618280000,24.64,sensor:temperature
2025-12-24 23:18:07,1766618287000,24.64,sensor:temperature
2025-12-24 23:18:13,1766618293000,24.62,sensor:temperature
2025-12-24 23:18:20,1766618300000,24.62,sensor:temperature
2025-12-24 23:18:27,1766618307000,24.58,sensor:temperature
2025-12-24 23:18:34,1766618314000,24.58,sensor:temperature
2025-12-24 23:18:40,1766618320000,24.59,sensor:temperature
2025-12-24 23:18:47,1766618327000,24.6,sensor:temperature
2025-12-24 23:18:53,1766618333000,24.6,sensor:temperature
2025-12-24 23:19:00,1766618340000,24.59,sensor:temperature
2025-12-24 23:19:06,1766618346000,24.61,sensor:temperature
2025-12-24 23:19:13,1766618353000,24.61,sensor:temperature
2025-12-24 23:19:19,1766618359000,24.62,sensor:temperature
2025-12-24 23:19:27,1766618367000,24.62,sensor:temperature
2025-12-24 23:19:33,1766618373000,24.61,sensor:temperature
2025-12-24 23:19:40,1766618380000,24.62,sensor:temperature
2025-12-24 23:19:47,1766618387000,24.62,sensor:temperature
2025-12-24 23:19:53,1766618393000,24.61,sensor:temperature
2025-12-24 23:20:01,1766618401000,24.63,sensor:temperature
2025-12-24 23:20:07,1766618407000,24.64,sensor:temperature
2025-12-24 23:20:13,1766618413000,24.62,sensor:temperature
2025-12-24 23:20:19,1766618419000,24.63,sensor:temperature
2025-12-24 23:20:43,1766618443000,24.66,sensor:temperature
2025-12-24 23:20:49,1766618449000,24.66,sensor:temperature
2025-12-24 23:20:56,1766618456000,24.69,sensor:temperature
2025-12-24 23:21:03,1766618463000,24.7,sensor:temperature
2025-12-24 23:21:13,1766618473000,24.69,sensor:temperature
2025-12-24 23:21:19,1766618479000,24.68,sensor:temperature
2025-12-24 23:21:25,1766618485000,24.7,sensor:temperature
2025-12-24 23:21:32,1766618492000,24.7,sensor:temperature
2025-12-24 23:21:38,1766618498000,24.71,sensor:temperature
2025-12-24 23:21:44,1766618504000,24.71,sensor:temperature
2025-12-24 23:21:51,1766618511000,24.72,sensor:temperature
2025-12-24 23:21:57,1766618517000,24.74,sensor:temperature
2025-12-24 23:22:04,1766618524000,24.71,sensor:temperature
2025-12-24 23:22:15,1766618535000,24.73,sensor:temperature
2025-12-24 23:22:24,1766618544000,24.71,sensor:temperature
2025-12-24 23:22:30,1766618550000,24.68,sensor:temperature
2025-12-24 23:23:10,1766618590000,24.69,sensor:temperature
2025-12-24 23:23:16,1766618596000,24.66,sensor:temperature
2025-12-24 23:23:22,1766618602000,24.68,sensor:temperature
2025-12-24 23:23:28,1766618608000,24.69,sensor:temperature
2025-12-24 23:23:35,1766618615000,24.7,sensor:temperature
2025-12-24 23:23:42,1766618622000,24.71,sensor:temperature
2025-12-24 23:23:49,1766618629000,24.74,sensor:temperature
2025-12-24 23:23:55,1766618635000,24.73,sensor:temperature
2025-12-24 23:24:02,1766618642000,24.72,sensor:temperature
2025-12-24 23:24:09,1766618649000,24.73,sensor:temperature
2025-12-24 23:24:16,1766618656000,24.72,sensor:temperature
2025-12-24 23:24:22,1766618662000,24.75,sensor:temperature
2025-12-24 23:24:28,1766618668000,24.75,sensor:temperature
2025-12-24 23:24:34,1766618674000,24.73,sensor:temperature
2025-12-24 23:24:41,1766618681000,24.73,sensor:temperature
2025-12-24 23:24:47,1766618687000,24.71,sensor:temperature
2025-12-24 23:24:53,1766618693000,24.71,sensor:temperature
2025-12-24 23:24:59,1766618699000,24.71,sensor:temperature
2025-12-24 23:25:05,1766618705000,24.71,sensor:temperature
2025-12-24 23:25:10,1766618710000,24.71,sensor:temperature
2025-12-24 23:25:16,1766618716000,24.72,sensor:temperature
2025-12-24 23:25:23,1766618723000,24.73,sensor:temperature
2025-12-24 23:25:30,1766618730000,24.74,sensor:temperature
2025-12-24 23:25:36,1766618736000,24.74,sensor:temperature
2025-12-24 23:25:42,1766618742000,24.75,sensor:temperature
2025-12-24 23:25:48,1766618748000,24.76,sensor:temperature
2025-12-24 23:25:55,1766618755000,24.77,sensor:temperature
2025-12-24 23:26:02,1766618762000,24.75,sensor:temperature
2025-12-24 23:26:08,1766618768000,24.75,sensor:temperature
2025-12-24 23:26:15,1766618775000,24.74,sensor:temperature
2025-12-24 23:26:22,1766618782000,24.75,sensor:temperature
2025-12-24 23:26:28,1766618788000,24.74,sensor:temperature
2025-12-24 23:26:35,1766618795000,24.73,sensor:temperature
2025-12-24 23:26:42,1766618802000,24.74,sensor:temperature
2025-12-24 23:26:49,1766618809000,24.75,sensor:temperature
2025-12-24 23:26:55,1766618815000,24.75,sensor:temperature
2025-12-24 23:27:01,1766618821000,24.82,sensor:temperature
2025-12-24 23:27:08,1766618828000,24.82,sensor:temperature
2025-12-24 23:27:17,1766618837000,24.84,sensor:temperature
2025-12-24 23:27:24,1766618844000,24.86,sensor:temperature
2025-12-24 23:27:31,1766618851000,24.86,sensor:temperature
2025-12-24 23:27:39,1766618859000,24.86,sensor:temperature
2025-12-24 23:27:45,1766618865000,24.88,sensor:temperature
2025-12-24 23:27:52,1766618872000,24.87,sensor:temperature
2025-12-24 23:27:58,1766618878000,24.88,sensor:temperature
2025-12-24 23:28:05,1766618885000,24.89,sensor:temperature
2025-12-24 23:28:12,1766618892000,24.9,sensor:temperature
2025-12-24 23:28:19,1766618899000,24.9,sensor:temperature
2025-12-24 23:28:26,1766618906000,24.92,sensor:temperature
2025-12-24 23:28:33,1766618913000,24.93,sensor:temperature
2025-12-24 23:28:41,1766618921000,24.93,sensor:temperature
2025-12-24 23:28:48,1766618928000,24.94,sensor:temperature
2025-12-24 23:28:55,1766618935000,24.93,sensor:temperature
2025-12-24 23:29:02,1766618942000,24.93,sensor:temperature
2025-12-24 23:29:09,1766618949000,24.94,sensor:temperature
2025-12-24 23:29:15,1766618955000,24.94,sensor:temperature
2025-12-24 23:29:22,1766618962000,24.94,sensor:temperature
2025-12-24 23:29:28,1766618968000,24.94,sensor:temperature
2025-12-24 23:29:35,1766618975000,24.93,sensor:temperature
2025-12-24 23:29:43,1766618983000,24.95,sensor:temperature
2025-12-24 23:29:50,1766618990000,24.95,sensor:temperature
2025-12-24 23:29:57,1766618997000,24.97,sensor:temperature
2025-12-24 23:30:04,1766619004000,24.95,sensor:temperature
2025-12-24 23:30:10,1766619010000,24.98,sensor:temperature
2025-12-24 23:30:18,1766619018000,24.97,sensor:temperature
2025-12-24 23:30:25,1766619025000,24.97,sensor:temperature
2025-12-24 23:30:32,1766619032000,24.98,sensor:temperature
2025-12-24 23:30:38,1766619038000,24.99,sensor:temperature
2025-12-24 23:30:45,1766619045000,24.95,sensor:temperature
2025-12-24 23:30:52,1766619052000,24.97,sensor:temperature
2025-12-24 23:30:58,1766619058000,24.98,sensor:temperature
2025-12-24 23:31:08,1766619068000,24.98,sensor:temperature
2025-12-24 23:31:14,1766619074000,24.97,sensor:temperature
2025-12-24 23:31:21,1766619081000,24.98,sensor:temperature
2025-12-24 23:31:28,1766619088000,24.98,sensor:temperature
2025-12-24 23:31:34,1766619094000,24.97,sensor:temperature
2025-12-24 23:31:42,1766619102000,24.97,sensor:temperature
2025-12-24 23:31:48,1766619108000,24.97,sensor:temperature
2025-12-24 23:31:55,1766619115000,24.97,sensor:temperature
2025-12-24 23:32:03,1766619123000,24.98,sensor:temperature
2025-12-24 23:32:10,1766619130000,24.98,sensor:temperature
2025-12-24 23:32:16,1766619136000,25.0,sensor:temperature
2025-12-24 23:32:23,1766619143000,25.0,sensor:temperature
2025-12-24 23:32:30,1766619150000,24.99,sensor:temperature
2025-12-24 23:32:37,1766619157000,24.98,sensor:temperature
2025-12-24 23:32:44,1766619164000,24.98,sensor:temperature
2025-12-24 23:32:51,1766619171000,25.0,sensor:temperature
2025-12-24 23:32:58,1766619178000,24.99,sensor:temperature
2025-12-24 23:33:05,1766619185000,25.0,sensor:temperature
2025-12-24 23:33:12,1766619192000,24.98,sensor:temperature
2025-12-24 23:33:27,1766619207000,24.98,sensor:temperature
2025-12-24 23:33:38,1766619218000,24.99,sensor:temperature
2025-12-24 23:33:45,1766619225000,24.97,sensor:temperature
2025-12-24 23:33:59,1766619239000,24.95,sensor:temperature
2025-12-24 23:34:06,1766619246000,24.94,sensor:temperature
2025-12-24 23:34:13,1766619253000,24.93,sensor:temperature
2025-12-24 23:34:20,1766619260000,24.93,sensor:temperature
2025-12-24 23:34:26,1766619266000,24.94,sensor:temperature
2025-12-24 23:34:34,1766619274000,24.93,sensor:temperature
2025-12-24 23:34:39,1766619279000,24.93,sensor:temperature
2025-12-24 23:34:47,1766619287000,24.92,sensor:temperature
2025-12-24 23:34:53,1766619293000,24.91,sensor:temperature
2025-12-24 23:35:00,1766619300000,24.92,sensor:temperature
2025-12-24 23:35:07,1766619307000,24.93,sensor:temperature
2025-12-24 23:35:13,1766619313000,24.93,sensor:temperature
2025-12-24 23:35:20,1766619320000,24.95,sensor:temperature
2025-12-24 23:35:30,1766619330000,24.98,sensor:temperature
2025-12-24 23:35:44,1766619344000,24.98,sensor:temperature
2025-12-24 23:35:52,1766619352000,24.95,sensor:temperature
2025-12-24 23:36:00,1766619360000,24.97,sensor:temperature
2025-12-24 23:36:08,1766619368000,24.95,sensor:temperature
2025-12-24 23:36:18,1766619378000,24.95,sensor:temperature
2025-12-24 23:36:26,1766619386000,24.97,sensor:temperature
2025-12-24 23:36:33,1766619393000,24.98,sensor:temperature
2025-12-24 23:36:39,1766619399000,24.98,sensor:temperature
2025-12-24 23:36:48,1766619408000,24.98,sensor:temperature
2025-12-24 23:36:55,1766619415000,25.0,sensor:temperature
2025-12-24 23:37:02,1766619422000,25.01,sensor:temperature
2025-12-24 23:37:08,1766619428000,25.0,sensor:temperature
2025-12-24 23:37:16,1766619436000,24.99,sensor:temperature
2025-12-24 23:37:22,1766619442000,25.0,sensor:temperature
2025-12-24 23:37:29,1766619449000,24.99,sensor:temperature
2025-12-24 23:37:36,1766619456000,25.0,sensor:temperature
2025-12-24 23:37:43,1766619463000,24.99,sensor:temperature
2025-12-24 23:37:49,1766619469000,24.99,sensor:temperature
2025-12-24 23:37:57,1766619477000,25.0,sensor:temperature
2025-12-24 23:38:09,1766619489000,24.98,sensor:temperature
2025-12-24 23:38:15,1766619495000,24.97,sensor:temperature
2025-12-24 23:38:23,1766619503000,24.99,sensor:temperature
2025-12-24 23:38:30,1766619510000,24.99,sensor:temperature
2025-12-24 23:38:37,1766619517000,24.99,sensor:temperature
2025-12-24 23:38:44,1766619524000,24.99,sensor:temperature
2025-12-24 23:38:51,1766619531000,24.98,sensor:temperature
2025-12-24 23:38:57,1766619537000,24.99,sensor:temperature
2025-12-24 23:39:04,1766619544000,24.98,sensor:temperature
2025-12-24 23:39:10,1766619550000,24.99,sensor:temperature
2025-12-24 23:39:17,1766619557000,24.97,sensor:temperature
2025-12-24 23:39:23,1766619563000,24.95,sensor:temperature
2025-12-24 23:39:30,1766619570000,24.98,sensor:temperature
2025-12-24 23:39:36,1766619576000,24.97,sensor:temperature
2025-12-24 23:39:44,1766619584000,24.97,sensor:temperature
2025-12-24 23:39:50,1766619590000,24.98,sensor:temperature
2025-12-24 23:39:58,1766619598000,24.98,sensor:temperature
2025-12-24 23:40:04,1766619604000,24.99,sensor:temperature
2025-12-24 23:40:11,1766619611000,24.98,sensor:temperature
2025-12-24 23:40:18,1766619618000,24.99,sensor:temperature
2025-12-24 23:40:25,1766619625000,25.0,sensor:temperature
2025-12-24 23:40:32,1766619632000,25.0,sensor:temperature
2025-12-24 23:40:37,1766619637000,25.01,sensor:temperature
2025-12-24 23:40:44,1766619644000,25.01,sensor:temperature
2025-12-24 23:40:51,1766619651000,25.01,sensor:temperature
2025-12-24 23:40:58,1766619658000,24.99,sensor:temperature
2025-12-24 23:41:05,1766619665000,24.99,sensor:temperature
2025-12-24 23:41:11,1766619671000,24.98,sensor:temperature
2025-12-24 23:41:18,1766619678000,24.99,sensor:temperature
2025-12-24 23:41:24,1766619684000,24.98,sensor:temperature
2025-12-24 23:41:31,1766619691000,24.97,sensor:temperature
2025-12-24 23:41:37,1766619697000,24.98,sensor:temperature
2025-12-24 23:41:44,1766619704000,24.98,sensor:temperature
2025-12-24 23:41:51,1766619711000,24.95,sensor:temperature
2025-12-24 23:41:58,1766619718000,24.98,sensor:temperature
2025-12-24 23:42:05,1766619725000,24.99,sensor:temperature
2025-12-24 23:42:12,1766619732000,24.97,sensor:temperature
2025-12-24 23:42:18,1766619738000,24.99,sensor:temperature
2025-12-24 23:42:25,1766619745000,24.99,sensor:temperature
2025-12-24 23:42:32,1766619752000,25.01,sensor:temperature
2025-12-24 23:42:39,1766619759000,25.02,sensor:temperature
2025-12-24 23:42:46,1766619766000,25.02,sensor:temperature
2025-12-24 23:42:53,1766619773000,25.03,sensor:temperature
2025-12-24 23:42:59,1766619779000,25.04,sensor:temperature
2025-12-24 23:43:05,1766619785000,25.03,sensor:temperature
2025-12-24 23:43:12,1766619792000,25.04,sensor:temperature
2025-12-24 23:43:19,1766619799000,25.04,sensor:temperature
2025-12-24 23:43:25,1766619805000,25.03,sensor:temperature
2025-12-24 23:43:32,1766619812000,25.02,sensor:temperature
2025-12-24 23:43:39,1766619819000,25.02,sensor:temperature
2025-12-24 23:43:46,1766619826000,25.02,sensor:temperature
2025-12-24 23:43:52,1766619832000,25.02,sensor:temperature
2025-12-24 23:43:58,1766619838000,25.02,sensor:temperature
2025-12-24 23:44:05,1766619845000,25.0,sensor:temperature
2025-12-24 23:44:12,1766619852000,25.0,sensor:temperature
2025-12-24 23:44:18,1766619858000,25.0,sensor:temperature
2025-12-24 23:44:25,1766619865000,25.0,sensor:temperature
2025-12-24 23:44:32,1766619872000,25.0,sensor:temperature
2025-12-24 23:44:38,1766619878000,25.01,sensor:temperature
2025-12-24 23:44:46,1766619886000,25.01,sensor:temperature
2025-12-24 23:44:52,1766619892000,25.0,sensor:temperature
2025-12-24 23:45:01,1766619901000,25.0,sensor:temperature
2025-12-24 23:45:08,1766619908000,25.0,sensor:temperature
2025-12-24 23:45:15,1766619915000,25.0,sensor:temperature
2025-12-24 23:45:22,1766619922000,25.0,sensor:temperature
2025-12-24 23:45:29,1766619929000,25.0,sensor:temperature
2025-12-24 23:45:35,1766619935000,24.99,sensor:temperature
2025-12-24 23:45:42,1766619942000,25.01,sensor:temperature
2025-12-24 23:45:48,1766619948000,24.99,sensor:temperature
2025-12-24 23:45:55,1766619955000,24.98,sensor:temperature
2025-12-24 23:46:02,1766619962000,24.99,sensor:temperature
2025-12-24 23:46:09,1766619969000,24.98,sensor:temperature
2025-12-24 23:46:15,1766619975000,24.99,sensor:temperature
2025-12-24 23:46:22,1766619982000,24.99,sensor:temperature
2025-12-24 23:46:29,1766619989000,25.0,sensor:temperature
2025-12-24 23:46:36,1766619996000,25.0,sensor:temperature
2025-12-24 23:46:44,1766620004000,25.0,sensor:temperature
2025-12-24 23:46:50,1766620010000,25.0,sensor:temperature
2025-12-24 23:46:57,1766620017000,25.01,sensor:temperature
2025-12-24 23:47:03,1766620023000,24.99,sensor:temperature
2025-12-24 23:47:09,1766620029000,25.02,sensor:temperature
2025-12-24 23:47:16,1766620036000,25.01,sensor:temperature
2025-12-24 23:47:23,1766620043000,24.99,sensor:temperature
2025-12-24 23:47:30,1766620050000,25.0,sensor:temperature
2025-12-24 23:47:37,1766620057000,25.0,sensor:temperature
2025-12-24 23:47:43,1766620063000,25.0,sensor:temperature
2025-12-24 23:47:50,1766620070000,25.0,sensor:temperature
2025-12-24 23:47:57,1766620077000,24.99,sensor:temperature
2025-12-24 23:48:03,1766620083000,25.0,sensor:temperature
2025-12-24 23:48:09,1766620089000,25.01,sensor:temperature
2025-12-24 23:48:16,1766620096000,24.99,sensor:temperature
2025-12-24 23:48:23,1766620103000,25.01,sensor:temperature
2025-12-24 23:48:30,1766620110000,25.0,sensor:temperature
2025-12-24 23:48:37,1766620117000,25.0,sensor:temperature
2025-12-24 23:48:44,1766620124000,25.0,sensor:temperature
2025-12-24 23:48:50,1766620130000,25.0,sensor:temperature
2025-12-24 23:48:58,1766620138000,25.01,sensor:temperature
2025-12-24 23:49:04,1766620144000,25.01,sensor:temperature
2025-12-24 23:49:10,1766620150000,25.0,sensor:temperature
2025-12-24 23:49:18,1766620158000,25.0,sensor:temperature
2025-12-24 23:49:24,1766620164000,25.0,sensor:temperature
2025-12-24 23:49:31,1766620171000,25.01,sensor:temperature
2025-12-24 23:49:38,1766620178000,25.01,sensor:temperature
2025-12-24 23:49:45,1766620185000,25.01,sensor:temperature
2025-12-24 23:49:52,1766620192000,25.01,sensor:temperature
2025-12-24 23:49:59,1766620199000,25.01,sensor:temperature
2025-12-24 23:50:04,1766620204000,25.02,sensor:temperature
2025-12-24 23:50:11,1766620211000,25.01,sensor:temperature
2025-12-24 23:50:18,1766620218000,25.0,sensor:temperature
2025-12-24 23:50:24,1766620224000,25.0,sensor:temperature
2025-12-24 23:50:31,1766620231000,25.01,sensor:temperature
2025-12-24 23:50:37,1766620237000,24.99,sensor:temperature
2025-12-24 23:50:44,1766620244000,25.0,sensor:temperature
2025-12-24 23:50:51,1766620251000,25.01,sensor:temperature
2025-12-24 23:50:58,1766620258000,24.99,sensor:temperature
2025-12-24 23:51:04,1766620264000,24.99,sensor:temperature
2025-12-24 23:51:11,1766620271000,24.99,sensor:temperature
2025-12-24 23:51:18,1766620278000,24.99,sensor:temperature
2025-12-24 23:51:24,1766620284000,25.0,sensor:temperature
2025-12-24 23:51:31,1766620291000,24.99,sensor:temperature
2025-12-24 23:51:38,1766620298000,24.99,sensor:temperature
2025-12-24 23:51:45,1766620305000,24.99,sensor:temperature
2025-12-24 23:51:51,1766620311000,25.0,sensor:temperature
2025-12-24 23:51:58,1766620318000,25.0,sensor:temperature
2025-12-24 23:52:05,1766620325000,24.99,sensor:temperature
2025-12-24 23:52:11,1766620331000,25.0,sensor:temperature
2025-12-24 23:52:18,1766620338000,25.01,sensor:temperature
2025-12-24 23:52:25,1766620345000,25.01,sensor:temperature
2025-12-24 23:52:32,1766620352000,25.0,sensor:temperature
2025-12-24 23:52:38,1766620358000,25.0,sensor:temperature
2025-12-24 23:52:45,1766620365000,25.0,sensor:temperature
2025-12-24 23:52:51,1766620371000,25.01,sensor:temperature
2025-12-24 23:52:58,1766620378000,24.99,sensor:temperature
2025-12-24 23:53:04,1766620384000,24.99,sensor:temperature
2025-12-24 23:53:11,1766620391000,24.99,sensor:temperature
2025-12-24 23:53:18,1766620398000,25.0,sensor:temperature
2025-12-24 23:53:25,1766620405000,25.01,sensor:temperature
2025-12-24 23:53:31,1766620411000,25.01,sensor:temperature
2025-12-24 23:53:38,1766620418000,25.0,sensor:temperature
2025-12-24 23:53:44,1766620424000,25.01,sensor:temperature
2025-12-24 23:53:51,1766620431000,25.02,sensor:temperature
2025-12-24 23:53:58,1766620438000,25.01,sensor:temperature
2025-12-24 23:54:05,1766620445000,25.01,sensor:temperature
2025-12-24 23:54:12,1766620452000,25.01,sensor:temperature
2025-12-24 23:54:19,1766620459000,25.02,sensor:temperature
2025-12-24 23:54:25,1766620465000,25.01,sensor:temperature
2025-12-24 23:54:32,1766620472000,25.0,sensor:temperature
2025-12-24 23:54:39,1766620479000,25.03,sensor:temperature
2025-12-24 23:54:46,1766620486000,25.02,sensor:temperature
2025-12-24 23:54:52,1766620492000,25.01,sensor:temperature
2025-12-24 23:54:59,1766620499000,25.03,sensor:temperature
2025-12-24 23:55:06,1766620506000,25.03,sensor:temperature
2025-12-24 23:55:12,1766620512000,25.03,sensor:temperature
2025-12-24 23:55:21,1766620521000,25.03,sensor:temperature
2025-12-24 23:55:28,1766620528000,25.03,sensor:temperature
2025-12-24 23:55:35,1766620535000,25.02,sensor:temperature
2025-12-24 23:55:42,1766620542000,25.02,sensor:temperature
2025-12-24 23:55:48,1766620548000,25.01,sensor:temperature
2025-12-24 23:55:55,1766620555000,25.01,sensor:temperature
2025-12-24 23:56:05,1766620565000,25.01,sensor:temperature
2025-12-24 23:56:12,1766620572000,25.01,sensor:temperature
2025-12-24 23:56:18,1766620578000,25.0,sensor:temperature
2025-12-24 23:56:25,1766620585000,25.0,sensor:temperature
2025-12-24 23:56:33,1766620593000,25.0,sensor:temperature
2025-12-24 23:56:39,1766620599000,24.98,sensor:temperature
2025-12-24 23:56:45,1766620605000,25.0,sensor:temperature
2025-12-24 23:56:52,1766620612000,24.99,sensor:temperature
2025-12-24 23:56:58,1766620618000,24.99,sensor:temperature
2025-12-24 23:57:04,1766620624000,25.0,sensor:temperature
2025-12-24 23:57:11,1766620631000,25.0,sensor:temperature
2025-12-24 23:57:19,1766620639000,25.0,sensor:temperature
2025-12-24 23:57:26,1766620646000,25.01,sensor:temperature
2025-12-24 23:57:33,1766620653000,25.0,sensor:temperature
2025-12-24 23:57:40,1766620660000,25.01,sensor:temperature
2025-12-24 23:57:47,1766620667000,25.0,sensor:temperature
2025-12-24 23:57:54,1766620674000,24.99,sensor:temperature
2025-12-24 23:58:01,1766620681000,24.99,sensor:temperature
2025-12-24 23:58:08,1766620688000,24.99,sensor:temperature
2025-12-24 23:58:15,1766620695000,24.98,sensor:temperature
2025-12-24 23:58:21,1766620701000,24.97,sensor:temperature
2025-12-24 23:58:29,1766620709000,24.97,sensor:temperature
2025-12-24 23:58:35,1766620715000,24.95,sensor:temperature
2025-12-24 23:58:43,1766620723000,24.97,sensor:temperature
2025-12-24 23:58:49,1766620729000,24.99,sensor:temperature
2025-12-24 23:58:55,1766620735000,24.98,sensor:temperature
2025-12-24 23:59:01,1766620741000,24.98,sensor:temperature
2025-12-24 23:59:09,1766620749000,24.98,sensor:temperature
2025-12-24 23:59:15,1766620755000,24.98,sensor:temperature
2025-12-24 23:59:22,1766620762000,24.98,sensor:temperature
2025-12-24 23:59:29,1766620769000,24.98,sensor:temperature
2025-12-24 23:59:36,1766620776000,24.99,sensor:temperature
2025-12-24 23:59:43,1766620783000,24.99,sensor:temperature
2025-12-24 23:59:50,1766620790000,24.99,sensor:temperature
2025-12-24 23:59:56,1766620796000,25.0,sensor:temperature
2025-12-25 00:00:03,1766620803000,25.0,sensor:temperature
2025-12-25 00:00:10,1766620810000,25.0,sensor:temperature
2025-12-25 00:00:17,1766620817000,25.0,sensor:temperature
2025-12-25 00:00:23,1766620823000,25.0,sensor:temperature
2025-12-25 00:00:30,1766620830000,24.99,sensor:temperature
2025-12-25 00:00:36,1766620836000,24.99,sensor:temperature
2025-12-25 00:00:43,1766620843000,24.98,sensor:temperature
2025-12-25 00:00:50,1766620850000,25.0,sensor:temperature
2025-12-25 00:00:57,1766620857000,24.99,sensor:temperature
2025-12-25 00:01:03,1766620863000,24.98,sensor:temperature
2025-12-25 00:01:10,1766620870000,24.99,sensor:temperature
2025-12-25 00:01:17,1766620877000,24.98,sensor:temperature
2025-12-25 00:01:25,1766620885000,24.99,sensor:temperature
2025-12-25 00:01:32,1766620892000,24.99,sensor:temperature
2025-12-25 00:01:39,1766620899000,25.0,sensor:temperature
2025-12-25 00:01:46,1766620906000,24.98,sensor:temperature
2025-12-25 00:01:52,1766620912000,24.98,sensor:temperature
2025-12-25 00:01:59,1766620919000,24.98,sensor:temperature
2025-12-25 00:02:10,1766620930000,24.98,sensor:temperature
2025-12-25 00:02:18,1766620938000,24.99,sensor:temperature
2025-12-25 00:02:24,1766620944000,24.98,sensor:temperature
2025-12-25 00:02:31,1766620951000,24.98,sensor:temperature
2025-12-25 00:02:38,1766620958000,24.98,sensor:temperature
2025-12-25 00:02:45,1766620965000,24.98,sensor:temperature
2025-12-25 00:02:52,1766620972000,25.0,sensor:temperature
2025-12-25 00:02:59,1766620979000,24.99,sensor:temperature
2025-12-25 00:03:05,1766620985000,24.98,sensor:temperature
2025-12-25 00:03:13,1766620993000,24.99,sensor:temperature
2025-12-25 00:03:19,1766620999000,24.98,sensor:temperature
2025-12-25 00:03:26,1766621006000,24.99,sensor:temperature
2025-12-25 00:03:33,1766621013000,24.98,sensor:temperature
2025-12-25 00:03:40,1766621020000,25.0,sensor:temperature
2025-12-25 00:03:47,1766621027000,25.0,sensor:temperature
2025-12-25 00:03:54,1766621034000,24.99,sensor:temperature
2025-12-25 00:04:01,1766621041000,24.98,sensor:temperature
2025-12-25 00:04:15,1766621055000,24.99,sensor:temperature
2025-12-25 00:04:26,1766621066000,24.98,sensor:temperature
