timestamp_ms,datetime,value,sensor
1766602702000,2025-12-24 20:58:22.000000,24.66,sensor:temperature
1766602709000,2025-12-24 20:58:29.000000,24.66,sensor:temperature
1766602714000,2025-12-24 20:58:34.000000,24.68,sensor:temperature
1766602721000,2025-12-24 20:58:41.000000,24.69,sensor:temperature
1766602727000,2025-12-24 20:58:47.000000,24.7,sensor:temperature
1766602733000,2025-12-24 20:58:53.000000,24.72,sensor:temperature
1766602739000,2025-12-24 20:58:59.000000,24.71,sensor:temperature
1766602745000,2025-12-24 20:59:05.000000,24.71,sensor:temperature
1766602751000,2025-12-24 20:59:11.000000,24.71,sensor:temperature
1766602758000,2025-12-24 20:59:18.000000,24.7,sensor:temperature
1766602765000,2025-12-24 20:59:25.000000,24.72,sensor:temperature
1766602771000,2025-12-24 20:59:31.000000,24.74,sensor:temperature
1766602778000,2025-12-24 20:59:38.000000,24.75,sensor:temperature
1766602785000,2025-12-24 20:59:45.000000,24.74,sensor:temperature
1766602791000,2025-12-24 20:59:51.000000,24.76,sensor:temperature
1766602797000,2025-12-24 20:59:57.000000,24.76,sensor:temperature
1766602803000,2025-12-24 21:00:03.000000,24.74,sensor:temperature
1766602810000,2025-12-24 21:00:10.000000,24.73,sensor:temperature
1766602817000,2025-12-24 21:00:17.000000,24.74,sensor:temperature
1766602824000,2025-12-24 21:00:24.000000,24.75,sensor:temperature
1766602831000,2025-12-24 21:00:31.000000,24.76,sensor:temperature
1766602837000,2025-12-24 21:00:37.000000,24.77,sensor:temperature
1766602854000,2025-12-24 21:00:54.000000,24.83,sensor:temperature
1766602861000,2025-12-24 21:01:01.000000,24.84,sensor:temperature
1766602876000,2025-12-24 21:01:16.000000,24.82,sensor:temperature
1766602884000,2025-12-24 21:01:24.000000,24.82,sensor:temperature
1766602890000,2025-12-24 21:01:30.000000,24.83,sensor:temperature
1766602897000,2025-12-24 21:01:37.000000,24.84,sensor:temperature
1766602903000,2025-12-24 21:01:43.000000,24.84,sensor:temperature
1766602910000,2025-12-24 21:01:50.000000,24.87,sensor:temperature
1766602917000,2025-12-24 21:01:57.000000,24.89,sensor:temperature
1766602923000,2025-12-24 21:02:03.000000,24.89,sensor:temperature
1766602930000,2025-12-24 21:02:10.000000,24.88,sensor:temperature
1766602937000,2025-12-24 21:02:17.000000,24.88,sensor:temperature
1766602944000,2025-12-24 21:02:24.000000,24.87,sensor:temperature
1766602952000,2025-12-24 21:02:32.000000,24.84,sensor:temperature
1766602958000,2025-12-24 21:02:38.000000,24.82,sensor:temperature
1766602965000,2025-12-24 21:02:45.000000,24.79,sensor:temperature
1766602972000,2025-12-24 21:02:52.000000,24.77,sensor:temperature
1766602978000,2025-12-24 21:02:58.000000,24.75,sensor:temperature
1766602985000,2025-12-24 21:03:05.000000,24.74,sensor:temperature
1766602992000,2025-12-24 21:03:12.000000,24.74,sensor:temperature
1766602999000,2025-12-24 21:03:19.000000,24.76,sensor:temperature
1766603005000,2025-12-24 21:03:25.000000,24.76,sensor:temperature
1766603011000,2025-12-24 21:03:31.000000,24.76,sensor:temperature
1766603018000,2025-12-24 21:03:38.000000,24.76,sensor:temperature
1766603024000,2025-12-24 21:03:44.000000,24.76,sensor:temperature
1766603031000,2025-12-24 21:03:51.000000,24.78,sensor:temperature
1766603037000,2025-12-24 21:03:57.000000,24.75,sensor:temperature
1766603044000,2025-12-24 21:04:04.000000,24.76,sensor:temperature
1766603050000,2025-12-24 21:04:10.000000,24.75,sensor:temperature
1766603056000,2025-12-24 21:04:16.000000,24.76,sensor:temperature
1766603062000,2025-12-24 21:04:22.000000,24.76,sensor:temperature
1766603068000,2025-12-24 21:04:28.000000,24.75,sensor:temperature
1766603074000,2025-12-24 21:04:34.000000,24.73,sensor:temperature
1766603081000,2025-12-24 21:04:41.000000,24.72,sensor:temperature
1766603087000,2025-12-24 21:04:47.000000,24.74,sensor:temperature
1766603094000,2025-12-24 21:04:54.000000,24.75,sensor:temperature
1766603100000,2025-12-24 21:05:00.000000,24.74,sensor:temperature
1766603107000,2025-12-24 21:05:07.000000,24.74,sensor:temperature
1766603112000,2025-12-24 21:05:12.000000,24.73,sensor:temperature
1766603119000,2025-12-24 21:05:19.000000,24.71,sensor:temperature
1766603125000,2025-12-24 21:05:25.000000,24.71,sensor:temperature
1766603132000,2025-12-24 21:05:32.000000,24.7,sensor:temperature
1766603139000,2025-12-24 21:05:39.000000,24.7,sensor:temperature
1766603146000,2025-12-24 21:05:46.000000,24.69,sensor:temperature
1766603153000,2025-12-24 21:05:53.000000,24.68,sensor:temperature
1766603160000,2025-12-24 21:06:00.000000,24.68,sensor:temperature
1766603167000,2025-12-24 21:06:07.000000,24.68,sensor:temperature
1766603174000,2025-12-24 21:06:14.000000,24.69,sensor:temperature
1766603181000,2025-12-24 21:06:21.000000,24.68,sensor:temperature
1766603188000,2025-12-24 21:06:28.000000,24.65,sensor:temperature
1766603194000,2025-12-24 21:06:34.000000,24.65,sensor:temperature
1766603201000,2025-12-24 21:06:41.000000,24.68,sensor:temperature
1766603208000,2025-12-24 21:06:48.000000,24.66,sensor:temperature
1766603214000,2025-12-24 21:06:54.000000,24.65,sensor:temperature
1766603221000,2025-12-24 21:07:01.000000,24.65,sensor:temperature
1766603228000,2025-12-24 21:07:08.000000,24.63,sensor:temperature
1766603234000,2025-12-24 21:07:14.000000,24.62,sensor:temperature
1766603240000,2025-12-24 21:07:20.000000,24.61,sensor:temperature
1766603246000,2025-12-24 21:07:26.000000,24.61,sensor:temperature
1766603253000,2025-12-24 21:07:33.000000,24.6,sensor:temperature
1766603260000,2025-12-24 21:07:40.000000,24.6,sensor:temperature
1766603267000,2025-12-24 21:07:47.000000,24.59,sensor:temperature
1766603274000,2025-12-24 21:07:54.000000,24.57,sensor:temperature
1766603280000,2025-12-24 21:08:00.000000,24.6,sensor:temperature
1766603287000,2025-12-24 21:08:07.000000,24.58,sensor:temperature
1766603294000,2025-12-24 21:08:14.000000,24.59,sensor:temperature
1766603300000,2025-12-24 21:08:20.000000,24.57,sensor:temperature
1766603307000,2025-12-24 21:08:27.000000,24.57,sensor:temperature
1766603314000,2025-12-24 21:08:34.000000,24.57,sensor:temperature
1766603320000,2025-12-24 21:08:40.000000,24.58,sensor:temperature
1766603326000,2025-12-24 21:08:46.000000,24.59,sensor:temperature
1766603333000,2025-12-24 21:08:53.000000,24.61,sensor:temperature
1766603339000,2025-12-24 21:08:59.000000,24.63,sensor:temperature
1766603346000,2025-12-24 21:09:06.000000,24.62,sensor:temperature
1766603353000,2025-12-24 21:09:13.000000,24.63,sensor:temperature
1766603359000,2025-12-24 21:09:19.000000,24.62,sensor:temperature
1766603365000,2025-12-24 21:09:25.000000,24.63,sensor:temperature
1766603372000,2025-12-24 21:09:32.000000,24.64,sensor:temperature
1766603379000,2025-12-24 21:09:39.000000,24.63,sensor:temperature
1766603386000,2025-12-24 21:09:46.000000,24.62,sensor:temperature
1766603393000,2025-12-24 21:09:53.000000,24.62,sensor:temperature
1766603399000,2025-12-24 21:09:59.000000,24.6,sensor:temperature
1766603407000,2025-12-24 21:10:07.000000,24.61,sensor:temperature
1766603413000,2025-12-24 21:10:13.000000,24.61,sensor:temperature
1766603420000,2025-12-24 21:10:20.000000,24.6,sensor:temperature
1766603427000,2025-12-24 21:10:27.000000,24.64,sensor:temperature
1766603434000,2025-12-24 21:10:34.000000,24.64,sensor:temperature
1766603440000,2025-12-24 21:10:40.000000,24.65,sensor:temperature
1766603446000,2025-12-24 21:10:46.000000,24.66,sensor:temperature
1766603453000,2025-12-24 21:10:53.000000,24.68,sensor:temperature
1766603460000,2025-12-24 21:11:00.000000,24.69,sensor:temperature
1766603466000,2025-12-24 21:11:06.000000,24.69,sensor:temperature
1766603473000,2025-12-24 21:11:13.000000,24.7,sensor:temperature
1766603479000,2025-12-24 21:11:19.000000,24.68,sensor:temperature
1766603485000,2025-12-24 21:11:25.000000,24.68,sensor:temperature
1766603491000,2025-12-24 21:11:31.000000,24.7,sensor:temperature
1766603497000,2025-12-24 21:11:37.000000,24.7,sensor:temperature
1766603506000,2025-12-24 21:11:46.000000,24.7,sensor:temperature
1766603512000,2025-12-24 21:11:52.000000,24.7,sensor:temperature
1766603519000,2025-12-24 21:11:59.000000,24.69,sensor:temperature
1766603526000,2025-12-24 21:12:06.000000,24.66,sensor:temperature
1766603536000,2025-12-24 21:12:16.000000,24.68,sensor:temperature
1766603541000,2025-12-24 21:12:21.000000,24.68,sensor:temperature
1766603548000,2025-12-24 21:12:28.000000,24.65,sensor:temperature
1766603554000,2025-12-24 21:12:34.000000,24.65,sensor:temperature
1766603560000,2025-12-24 21:12:40.000000,24.62,sensor:temperature
1766603567000,2025-12-24 21:12:47.000000,24.61,sensor:temperature
1766603573000,2025-12-24 21:12:53.000000,24.61,sensor:temperature
1766603580000,2025-12-24 21:13:00.000000,24.62,sensor:temperature
1766603587000,2025-12-24 21:13:07.000000,24.62,sensor:temperature
1766603594000,2025-12-24 21:13:14.000000,24.62,sensor:temperature
1766603600000,2025-12-24 21:13:20.000000,24.62,sensor:temperature
1766603608000,2025-12-24 21:13:28.000000,24.64,sensor:temperature
1766603616000,2025-12-24 21:13:36.000000,24.64,sensor:temperature
1766603622000,2025-12-24 21:13:42.000000,24.63,sensor:temperature
1766603629000,2025-12-24 21:13:49.000000,24.63,sensor:temperature
1766603636000,2025-12-24 21:13:56.000000,24.6,sensor:temperature
1766603643000,2025-12-24 21:14:03.000000,24.59,sensor:temperature
1766603650000,2025-12-24 21:14:10.000000,24.59,sensor:temperature
1766603657000,2025-12-24 21:14:17.000000,24.59,sensor:temperature
1766603665000,2025-12-24 21:14:25.000000,24.6,sensor:temperature
1766603672000,2025-12-24 21:14:32.000000,24.61,sensor:temperature
1766603679000,2025-12-24 21:14:39.000000,24.63,sensor:temperature
1766603685000,2025-12-24 21:14:45.000000,24.63,sensor:temperature
1766603692000,2025-12-24 21:14:52.000000,24.61,sensor:temperature
1766603698000,2025-12-24 21:14:58.000000,24.63,sensor:temperature
1766603705000,2025-12-24 21:15:05.000000,24.64,sensor:temperature
1766603711000,2025-12-24 21:15:11.000000,24.62,sensor:temperature
1766603717000,2025-12-24 21:15:17.000000,24.62,sensor:temperature
1766603723000,2025-12-24 21:15:23.000000,24.6,sensor:temperature
1766603729000,2025-12-24 21:15:29.000000,24.58,sensor:temperature
1766603735000,2025-12-24 21:15:35.000000,24.58,sensor:temperature
1766603742000,2025-12-24 21:15:42.000000,24.57,sensor:temperature
1766603749000,2025-12-24 21:15:49.000000,24.56,sensor:temperature
1766603759000,2025-12-24 21:15:59.000000,24.54,sensor:temperature
1766603766000,2025-12-24 21:16:06.000000,24.5,sensor:temperature
1766603773000,2025-12-24 21:16:13.000000,24.5,sensor:temperature
1766603780000,2025-12-24 21:16:20.000000,24.49,sensor:temperature
1766603786000,2025-12-24 21:16:26.000000,24.49,sensor:temperature
1766603793000,2025-12-24 21:16:33.000000,24.48,sensor:temperature
1766603800000,2025-12-24 21:16:40.000000,24.48,sensor:temperature
1766603806000,2025-12-24 21:16:46.000000,24.49,sensor:temperature
1766603813000,2025-12-24 21:16:53.000000,24.49,sensor:temperature
1766603819000,2025-12-24 21:16:59.000000,24.49,sensor:temperature
1766603826000,2025-12-24 21:17:06.000000,24.49,sensor:temperature
1766603833000,2025-12-24 21:17:13.000000,24.48,sensor:temperature
1766603839000,2025-12-24 21:17:19.000000,24.47,sensor:temperature
1766603846000,2025-12-24 21:17:26.000000,24.47,sensor:temperature
1766603853000,2025-12-24 21:17:33.000000,24.47,sensor:temperature
1766603860000,2025-12-24 21:17:40.000000,24.46,sensor:temperature
1766603867000,2025-12-24 21:17:47.000000,24.46,sensor:temperature
1766603874000,2025-12-24 21:17:54.000000,24.44,sensor:temperature
1766603881000,2025-12-24 21:18:01.000000,24.44,sensor:temperature
1766603888000,2025-12-24 21:18:08.000000,24.44,sensor:temperature
1766603895000,2025-12-24 21:18:15.000000,24.44,sensor:temperature
1766603901000,2025-12-24 21:18:21.000000,24.44,sensor:temperature
1766603908000,2025-12-24 21:18:28.000000,24.43,sensor:temperature
1766603915000,2025-12-24 21:18:35.000000,24.44,sensor:temperature
1766603921000,2025-12-24 21:18:41.000000,24.43,sensor:temperature
1766603928000,2025-12-24 21:18:48.000000,24.43,sensor:temperature
1766603935000,2025-12-24 21:18:55.000000,24.43,sensor:temperature
1766603942000,2025-12-24 21:19:02.000000,24.41,sensor:temperature
1766603948000,2025-12-24 21:19:08.000000,24.41,sensor:temperature
1766603955000,2025-12-24 21:19:15.000000,24.4,sensor:temperature
1766603960000,2025-12-24 21:19:20.000000,24.39,sensor:temperature
1766603968000,2025-12-24 21:19:28.000000,24.4,sensor:temperature
1766603974000,2025-12-24 21:19:34.000000,24.39,sensor:temperature
1766603981000,2025-12-24 21:19:41.000000,24.38,sensor:temperature
1766603988000,2025-12-24 21:19:48.000000,24.39,sensor:temperature
1766603994000,2025-12-24 21:19:54.000000,24.36,sensor:temperature
1766604001000,2025-12-24 21:20:01.000000,24.39,sensor:temperature
1766604007000,2025-12-24 21:20:07.000000,24.39,sensor:temperature
1766604014000,2025-12-24 21:20:14.000000,24.38,sensor:temperature
1766604021000,2025-12-24 21:20:21.000000,24.39,sensor:temperature
1766604027000,2025-12-24 21:20:27.000000,24.39,sensor:temperature
1766604034000,2025-12-24 21:20:34.000000,24.4,sensor:temperature
1766604040000,2025-12-24 21:20:40.000000,24.4,sensor:temperature
1766604046000,2025-12-24 21:20:46.000000,24.39,sensor:temperature
1766604053000,2025-12-24 21:20:53.000000,24.38,sensor:temperature
1766604059000,2025-12-24 21:20:59.000000,24.39,sensor:temperature
1766604066000,2025-12-24 21:21:06.000000,24.39,sensor:temperature
1766604073000,2025-12-24 21:21:13.000000,24.38,sensor:temperature
1766604079000,2025-12-24 21:21:19.000000,24.34,sensor:temperature
1766604086000,2025-12-24 21:21:26.000000,24.34,sensor:temperature
1766604093000,2025-12-24 21:21:33.000000,24.33,sensor:temperature
1766604100000,2025-12-24 21:21:40.000000,24.33,sensor:temperature
1766604107000,2025-12-24 21:21:47.000000,24.31,sensor:temperature
1766604113000,2025-12-24 21:21:53.000000,24.32,sensor:temperature
1766604120000,2025-12-24 21:22:00.000000,24.3,sensor:temperature
1766604127000,2025-12-24 21:22:07.000000,24.28,sensor:temperature
1766604133000,2025-12-24 21:22:13.000000,24.28,sensor:temperature
1766604140000,2025-12-24 21:22:20.000000,24.28,sensor:temperature
1766604147000,2025-12-24 21:22:27.000000,24.28,sensor:temperature
1766604154000,2025-12-24 21:22:34.000000,24.26,sensor:temperature
1766604161000,2025-12-24 21:22:41.000000,24.25,sensor:temperature
1766604167000,2025-12-24 21:22:47.000000,24.25,sensor:temperature
1766604173000,2025-12-24 21:22:53.000000,24.25,sensor:temperature
1766604180000,2025-12-24 21:23:00.000000,24.24,sensor:temperature
1766604187000,2025-12-24 21:23:07.000000,24.25,sensor:temperature
1766604193000,2025-12-24 21:23:13.000000,24.25,sensor:temperature
1766604199000,2025-12-24 21:23:19.000000,24.26,sensor:temperature
1766604205000,2025-12-24 21:23:25.000000,24.24,sensor:temperature
1766604212000,2025-12-24 21:23:32.000000,24.25,sensor:temperature
1766604219000,2025-12-24 21:23:39.000000,24.24,sensor:temperature
1766604226000,2025-12-24 21:23:46.000000,24.24,sensor:temperature
1766604232000,2025-12-24 21:23:52.000000,24.23,sensor:temperature
1766604239000,2025-12-24 21:23:59.000000,24.23,sensor:temperature
1766604246000,2025-12-24 21:24:06.000000,24.23,sensor:temperature
1766604252000,2025-12-24 21:24:12.000000,24.21,sensor:temperature
1766604259000,2025-12-24 21:24:19.000000,24.21,sensor:temperature
1766604266000,2025-12-24 21:24:26.000000,24.21,sensor:temperature
1766604273000,2025-12-24 21:24:33.000000,24.2,sensor:temperature
1766604280000,2025-12-24 21:24:40.000000,24.21,sensor:temperature
1766604286000,2025-12-24 21:24:46.000000,24.19,sensor:temperature
1766604293000,2025-12-24 21:24:53.000000,24.19,sensor:temperature
1766604300000,2025-12-24 21:25:00.000000,24.19,sensor:temperature
1766604307000,2025-12-24 21:25:07.000000,24.19,sensor:temperature
1766604312000,2025-12-24 21:25:12.000000,24.19,sensor:temperature
1766604318000,2025-12-24 21:25:18.000000,24.2,sensor:temperature
1766604325000,2025-12-24 21:25:25.000000,24.19,sensor:temperature
1766604332000,2025-12-24 21:25:32.000000,24.2,sensor:temperature
1766604338000,2025-12-24 21:25:38.000000,24.2,sensor:temperature
1766604345000,2025-12-24 21:25:45.000000,24.19,sensor:temperature
1766604352000,2025-12-24 21:25:52.000000,24.19,sensor:temperature
1766604359000,2025-12-24 21:25:59.000000,24.19,sensor:temperature
1766604367000,2025-12-24 21:26:07.000000,24.19,sensor:temperature
1766604374000,2025-12-24 21:26:14.000000,24.19,sensor:temperature
1766604381000,2025-12-24 21:26:21.000000,24.2,sensor:temperature
1766604387000,2025-12-24 21:26:27.000000,24.2,sensor:temperature
1766604395000,2025-12-24 21:26:35.000000,24.2,sensor:temperature
1766604401000,2025-12-24 21:26:41.000000,24.2,sensor:temperature
1766604408000,2025-12-24 21:26:48.000000,24.2,sensor:temperature
1766604415000,2025-12-24 21:26:55.000000,24.18,sensor:temperature
1766604422000,2025-12-24 21:27:02.000000,24.18,sensor:temperature
1766604429000,2025-12-24 21:27:09.000000,24.16,sensor:temperature
1766604435000,2025-12-24 21:27:15.000000,24.17,sensor:temperature
1766604441000,2025-12-24 21:27:21.000000,24.16,sensor:temperature
1766604447000,2025-12-24 21:27:27.000000,24.14,sensor:temperature
1766604454000,2025-12-24 21:27:34.000000,24.15,sensor:temperature
1766604461000,2025-12-24 21:27:41.000000,24.14,sensor:temperature
1766604468000,2025-12-24 21:27:48.000000,24.13,sensor:temperature
1766604474000,2025-12-24 21:27:54.000000,24.12,sensor:temperature
1766604481000,2025-12-24 21:28:01.000000,24.12,sensor:temperature
1766604488000,2025-12-24 21:28:08.000000,24.09,sensor:temperature
1766604494000,2025-12-24 21:28:14.000000,24.1,sensor:temperature
1766604501000,2025-12-24 21:28:21.000000,24.11,sensor:temperature
1766604508000,2025-12-24 21:28:28.000000,24.12,sensor:temperature
1766604514000,2025-12-24 21:28:34.000000,24.11,sensor:temperature
1766604521000,2025-12-24 21:28:41.000000,24.11,sensor:temperature
1766604528000,2025-12-24 21:28:48.000000,24.11,sensor:temperature
1766604535000,2025-12-24 21:28:55.000000,24.12,sensor:temperature
1766604540000,2025-12-24 21:29:00.000000,24.11,sensor:temperature
1766604546000,2025-12-24 21:29:06.000000,24.11,sensor:temperature
1766604552000,2025-12-24 21:29:12.000000,24.12,sensor:temperature
1766604558000,2025-12-24 21:29:18.000000,24.13,sensor:temperature
1766604565000,2025-12-24 21:29:25.000000,24.14,sensor:temperature
1766604572000,2025-12-24 21:29:32.000000,24.14,sensor:temperature
1766604578000,2025-12-24 21:29:38.000000,24.14,sensor:temperature
1766604585000,2025-12-24 21:29:45.000000,24.14,sensor:temperature
1766604591000,2025-12-24 21:29:51.000000,24.13,sensor:temperature
1766604598000,2025-12-24 21:29:58.000000,24.13,sensor:temperature
1766604604000,2025-12-24 21:30:04.000000,24.14,sensor:temperature
1766604611000,2025-12-24 21:30:11.000000,24.15,sensor:temperature
1766604618000,2025-12-24 21:30:18.000000,24.16,sensor:temperature
1766604625000,2025-12-24 21:30:25.000000,24.15,sensor:temperature
1766604631000,2025-12-24 21:30:31.000000,24.15,sensor:temperature
1766604637000,2025-12-24 21:30:37.000000,24.13,sensor:temperature
1766604644000,2025-12-24 21:30:44.000000,24.12,sensor:temperature
1766604651000,2025-12-24 21:30:51.000000,24.13,sensor:temperature
1766604658000,2025-12-24 21:30:58.000000,24.1,sensor:temperature
1766604664000,2025-12-24 21:31:04.000000,24.11,sensor:temperature
1766604670000,2025-12-24 21:31:10.000000,24.08,sensor:temperature
1766604676000,2025-12-24 21:31:16.000000,24.09,sensor:temperature
1766604683000,2025-12-24 21:31:23.000000,24.09,sensor:temperature
1766604689000,2025-12-24 21:31:29.000000,24.08,sensor:temperature
1766604696000,2025-12-24 21:31:36.000000,24.08,sensor:temperature
1766604702000,2025-12-24 21:31:42.000000,24.06,sensor:temperature
1766604709000,2025-12-24 21:31:49.000000,24.06,sensor:temperature
1766604716000,2025-12-24 21:31:56.000000,24.06,sensor:temperature
1766604722000,2025-12-24 21:32:02.000000,24.04,sensor:temperature
1766604730000,2025-12-24 21:32:10.000000,24.03,sensor:temperature
1766604737000,2025-12-24 21:32:17.000000,24.03,sensor:temperature
1766604743000,2025-12-24 21:32:23.000000,24.02,sensor:temperature
1766604749000,2025-12-24 21:32:29.000000,24.02,sensor:temperature
1766604756000,2025-12-24 21:32:36.000000,24.01,sensor:temperature
1766604763000,2025-12-24 21:32:43.000000,24.01,sensor:temperature
1766604770000,2025-12-24 21:32:50.000000,24.02,sensor:temperature
1766604776000,2025-12-24 21:32:56.000000,24.01,sensor:temperature
1766604783000,2025-12-24 21:33:03.000000,24.01,sensor:temperature
1766604789000,2025-12-24 21:33:09.000000,24.03,sensor:temperature
1766604796000,2025-12-24 21:33:16.000000,24.02,sensor:temperature
1766604803000,2025-12-24 21:33:23.000000,24.03,sensor:temperature
1766604810000,2025-12-24 21:33:30.000000,24.02,sensor:temperature
1766604817000,2025-12-24 21:33:37.000000,24.02,sensor:temperature
1766604823000,2025-12-24 21:33:43.000000,24.03,sensor:temperature
1766604830000,2025-12-24 21:33:50.000000,24.02,sensor:temperature
1766604837000,2025-12-24 21:33:57.000000,24.01,sensor:temperature
1766604844000,2025-12-24 21:34:04.000000,24.01,sensor:temperature
1766604851000,2025-12-24 21:34:11.000000,24,sensor:temperature
1766604858000,2025-12-24 21:34:18.000000,23.99,sensor:temperature
1766604865000,2025-12-24 21:34:25.000000,23.99,sensor:temperature
1766604871000,2025-12-24 21:34:31.000000,24,sensor:temperature
1766604878000,2025-12-24 21:34:38.000000,24,sensor:temperature
1766604885000,2025-12-24 21:34:45.000000,23.98,sensor:temperature
1766604891000,2025-12-24 21:34:51.000000,23.98,sensor:temperature
1766604898000,2025-12-24 21:34:58.000000,23.97,sensor:temperature
1766604905000,2025-12-24 21:35:05.000000,23.97,sensor:temperature
1766604911000,2025-12-24 21:35:11.000000,23.96,sensor:temperature
1766604918000,2025-12-24 21:35:18.000000,23.95,sensor:temperature
1766604925000,2025-12-24 21:35:25.000000,23.95,sensor:temperature
1766604932000,2025-12-24 21:35:32.000000,23.96,sensor:temperature
1766604938000,2025-12-24 21:35:38.000000,23.96,sensor:temperature
1766604945000,2025-12-24 21:35:45.000000,23.95,sensor:temperature
1766604952000,2025-12-24 21:35:52.000000,23.95,sensor:temperature
1766604958000,2025-12-24 21:35:58.000000,23.94,sensor:temperature
1766604965000,2025-12-24 21:36:05.000000,23.94,sensor:temperature
1766604972000,2025-12-24 21:36:12.000000,23.94,sensor:temperature
1766604979000,2025-12-24 21:36:19.000000,23.94,sensor:temperature
1766604986000,2025-12-24 21:36:26.000000,23.92,sensor:temperature
1766604993000,2025-12-24 21:36:33.000000,23.92,sensor:temperature
1766604999000,2025-12-24 21:36:39.000000,23.92,sensor:temperature
1766605006000,2025-12-24 21:36:46.000000,23.92,sensor:temperature
1766605012000,2025-12-24 21:36:52.000000,23.94,sensor:temperature
1766605020000,2025-12-24 21:37:00.000000,23.91,sensor:temperature
1766605026000,2025-12-24 21:37:06.000000,23.9,sensor:temperature
1766605032000,2025-12-24 21:37:12.000000,23.9,sensor:temperature
1766611321000,2025-12-24 23:22:01.000000,23.95,sensor:temperature
1766611327000,2025-12-24 23:22:07.000000,23.95,sensor:temperature
1766611350000,2025-12-24 23:22:30.000000,23.95,sensor:temperature
1766611359000,2025-12-24 23:22:39.000000,23.96,sensor:temperature
1766611365000,2025-12-24 23:22:45.000000,23.96,sensor:temperature
1766611371000,2025-12-24 23:22:51.000000,23.95,sensor:temperature
1766611377000,2025-12-24 23:22:57.000000,23.95,sensor:temperature
1766611384000,2025-12-24 23:23:04.000000,23.95,sensor:temperature
1766611391000,2025-12-24 23:23:11.000000,23.94,sensor:temperature
1766611398000,2025-12-24 23:23:18.000000,23.91,sensor:temperature
1766611405000,2025-12-24 23:23:25.000000,23.89,sensor:temperature
1766611412000,2025-12-24 23:23:32.000000,23.89,sensor:temperature
1766611420000,2025-12-24 23:23:40.000000,23.89,sensor:temperature
1766611427000,2025-12-24 23:23:47.000000,23.95,sensor:temperature
1766611434000,2025-12-24 23:23:54.000000,23.97,sensor:temperature
1766611440000,2025-12-24 23:24:00.000000,23.98,sensor:temperature
1766611447000,2025-12-24 23:24:07.000000,23.98,sensor:temperature
1766611453000,2025-12-24 23:24:13.000000,24.01,sensor:temperature
1766611460000,2025-12-24 23:24:20.000000,23.99,sensor:temperature
1766611467000,2025-12-24 23:24:27.000000,23.96,sensor:temperature
1766611474000,2025-12-24 23:24:34.000000,23.92,sensor:temperature
1766611480000,2025-12-24 23:24:40.000000,23.92,sensor:temperature
1766611486000,2025-12-24 23:24:46.000000,23.89,sensor:temperature
1766611493000,2025-12-24 23:24:53.000000,23.87,sensor:temperature
1766611500000,2025-12-24 23:25:00.000000,23.85,sensor:temperature
1766611507000,2025-12-24 23:25:07.000000,23.85,sensor:temperature
1766611513000,2025-12-24 23:25:13.000000,23.87,sensor:temperature
1766611523000,2025-12-24 23:25:23.000000,23.88,sensor:temperature
1766611529000,2025-12-24 23:25:29.000000,23.87,sensor:temperature
1766611535000,2025-12-24 23:25:35.000000,23.88,sensor:temperature
1766611542000,2025-12-24 23:25:42.000000,23.9,sensor:temperature
1766611548000,2025-12-24 23:25:48.000000,23.92,sensor:temperature
1766611555000,2025-12-24 23:25:55.000000,23.91,sensor:temperature
1766611561000,2025-12-24 23:26:01.000000,23.88,sensor:temperature
1766611568000,2025-12-24 23:26:08.000000,23.86,sensor:temperature
1766611574000,2025-12-24 23:26:14.000000,23.85,sensor:temperature
1766611581000,2025-12-24 23:26:21.000000,23.83,sensor:temperature
1766611587000,2025-12-24 23:26:27.000000,23.82,sensor:temperature
1766611594000,2025-12-24 23:26:34.000000,23.84,sensor:temperature
1766611601000,2025-12-24 23:26:41.000000,23.83,sensor:temperature
1766611607000,2025-12-24 23:26:47.000000,23.82,sensor:temperature
1766611613000,2025-12-24 23:26:53.000000,23.83,sensor:temperature
1766611619000,2025-12-24 23:26:59.000000,23.82,sensor:temperature
1766611626000,2025-12-24 23:27:06.000000,23.82,sensor:temperature
1766611633000,2025-12-24 23:27:13.000000,23.82,sensor:temperature
1766611640000,2025-12-24 23:27:20.000000,23.83,sensor:temperature
1766611647000,2025-12-24 23:27:27.000000,23.86,sensor:temperature
1766611653000,2025-12-24 23:27:33.000000,23.87,sensor:temperature
1766611660000,2025-12-24 23:27:40.000000,23.9,sensor:temperature
1766611666000,2025-12-24 23:27:46.000000,23.9,sensor:temperature
1766611672000,2025-12-24 23:27:52.000000,23.9,sensor:temperature
1766611679000,2025-12-24 23:27:59.000000,23.9,sensor:temperature
1766611686000,2025-12-24 23:28:06.000000,23.92,sensor:temperature
1766611692000,2025-12-24 23:28:12.000000,23.91,sensor:temperature
1766611699000,2025-12-24 23:28:19.000000,23.89,sensor:temperature
1766611705000,2025-12-24 23:28:25.000000,23.92,sensor:temperature
1766611712000,2025-12-24 23:28:32.000000,23.95,sensor:temperature
1766611719000,2025-12-24 23:28:39.000000,23.96,sensor:temperature
1766611725000,2025-12-24 23:28:45.000000,23.99,sensor:temperature
1766611732000,2025-12-24 23:28:52.000000,24.02,sensor:temperature
1766611738000,2025-12-24 23:28:58.000000,24.04,sensor:temperature
1766612814000,2025-12-24 23:46:54.000000,24.17,sensor:temperature
1766612820000,2025-12-24 23:47:00.000000,24.13,sensor:temperature
1766612826000,2025-12-24 23:47:06.000000,24.14,sensor:temperature
1766612832000,2025-12-24 23:47:12.000000,24.14,sensor:temperature
1766612839000,2025-12-24 23:47:19.000000,24.12,sensor:temperature
1766612845000,2025-12-24 23:47:25.000000,24.12,sensor:temperature
1766612851000,2025-12-24 23:47:31.000000,24.1,sensor:temperature
1766612857000,2025-12-24 23:47:37.000000,24.09,sensor:temperature
1766612864000,2025-12-24 23:47:44.000000,24.08,sensor:temperature
1766612870000,2025-12-24 23:47:50.000000,24.11,sensor:temperature
1766612876000,2025-12-24 23:47:56.000000,24.1,sensor:temperature
1766612882000,2025-12-24 23:48:02.000000,24.1,sensor:temperature
1766612888000,2025-12-24 23:48:08.000000,24.08,sensor:temperature
1766612894000,2025-12-24 23:48:14.000000,24.04,sensor:temperature
1766612900000,2025-12-24 23:48:20.000000,24.02,sensor:temperature
1766612906000,2025-12-24 23:48:26.000000,23.99,sensor:temperature
1766612913000,2025-12-24 23:48:33.000000,23.99,sensor:temperature
1766612919000,2025-12-24 23:48:39.000000,24,sensor:temperature
1766612928000,2025-12-24 23:48:48.000000,23.99,sensor:temperature
1766612940000,2025-12-24 23:49:00.000000,24.02,sensor:temperature
1766612976000,2025-12-24 23:49:36.000000,24.02,sensor:temperature
1766612983000,2025-12-24 23:49:43.000000,24.01,sensor:temperature
1766612994000,2025-12-24 23:49:54.000000,24.01,sensor:temperature
1766613001000,2025-12-24 23:50:01.000000,24.02,sensor:temperature
1766613008000,2025-12-24 23:50:08.000000,24.02,sensor:temperature
1766613019000,2025-12-24 23:50:19.000000,24.01,sensor:temperature
1766613028000,2025-12-24 23:50:28.000000,24.01,sensor:temperature
1766613034000,2025-12-24 23:50:34.000000,23.99,sensor:temperature
1766613042000,2025-12-24 23:50:42.000000,23.99,sensor:temperature
1766613048000,2025-12-24 23:50:48.000000,23.96,sensor:temperature
1766613060000,2025-12-24 23:51:00.000000,23.99,sensor:temperature
1766613067000,2025-12-24 23:51:07.000000,23.99,sensor:temperature
1766613073000,2025-12-24 23:51:13.000000,23.99,sensor:temperature
1766613419000,2025-12-24 23:56:59.000000,24.1,sensor:temperature
1766613425000,2025-12-24 23:57:05.000000,24.11,sensor:temperature
1766613431000,2025-12-24 23:57:11.000000,24.1,sensor:temperature
1766613437000,2025-12-24 23:57:17.000000,24.11,sensor:temperature
1766613443000,2025-12-24 23:57:23.000000,24.11,sensor:temperature
1766613450000,2025-12-24 23:57:30.000000,24.11,sensor:temperature
1766613457000,2025-12-24 23:57:37.000000,24.08,sensor:temperature
1766613466000,2025-12-24 23:57:46.000000,24.04,sensor:temperature
1766613477000,2025-12-24 23:57:57.000000,24.01,sensor:temperature
1766613484000,2025-12-24 23:58:04.000000,23.97,sensor:temperature
1766613736000,2025-12-25 00:02:16.000000,24.13,sensor:temperature
1766613738000,2025-12-25 00:02:18.000000,24.12,sensor:temperature
1766613740000,2025-12-25 00:02:20.000000,24.12,sensor:temperature
1766613742000,2025-12-25 00:02:22.000000,24.11,sensor:temperature
1766613744000,2025-12-25 00:02:24.000000,24.12,sensor:temperature
1766613746000,2025-12-25 00:02:26.000000,24.11,sensor:temperature
1766613748000,2025-12-25 00:02:28.000000,24.12,sensor:temperature
1766613750000,2025-12-25 00:02:30.000000,24.12,sensor:temperature
1766613752000,2025-12-25 00:02:32.000000,24.1,sensor:temperature
1766613754000,2025-12-25 00:02:34.000000,24.1,sensor:temperature
1766613756000,2025-12-25 00:02:36.000000,24.09,sensor:temperature
1766613759000,2025-12-25 00:02:39.000000,24.09,sensor:temperature
1766613770000,2025-12-25 00:02:50.000000,24.08,sensor:temperature
1766613782000,2025-12-25 00:03:02.000000,24.06,sensor:temperature
1766613801000,2025-12-25 00:03:21.000000,24.08,sensor:temperature
1766613804000,2025-12-25 00:03:24.000000,24.1,sensor:temperature
1766613806000,2025-12-25 00:03:26.000000,24.08,sensor:temperature
1766613808000,2025-12-25 00:03:28.000000,24.09,sensor:temperature
1766613810000,2025-12-25 00:03:30.000000,24.08,sensor:temperature
1766613818000,2025-12-25 00:03:38.000000,24.06,sensor:temperature
1766613820000,2025-12-25 00:03:40.000000,24.06,sensor:temperature
1766613822000,2025-12-25 00:03:42.000000,24.04,sensor:temperature
1766613826000,2025-12-25 00:03:46.000000,24.06,sensor:temperature
1766613828000,2025-12-25 00:03:48.000000,24.06,sensor:temperature
1766613830000,2025-12-25 00:03:50.000000,24.08,sensor:temperature
1766613832000,2025-12-25 00:03:52.000000,24.1,sensor:temperature
1766613834000,2025-12-25 00:03:54.000000,24.09,sensor:temperature
1766613836000,2025-12-25 00:03:56.000000,24.09,sensor:temperature
1766613838000,2025-12-25 00:03:58.000000,24.11,sensor:temperature
1766613840000,2025-12-25 00:04:00.000000,24.12,sensor:temperature
1766613841000,2025-12-25 00:04:01.000000,24.12,sensor:temperature
1766613844000,2025-12-25 00:04:04.000000,24.11,sensor:temperature
1766613849000,2025-12-25 00:04:09.000000,24.11,sensor:temperature
1766613851000,2025-12-25 00:04:11.000000,24.11,sensor:temperature
1766613853000,2025-12-25 00:04:13.000000,24.11,sensor:temperature
1766613860000,2025-12-25 00:04:20.000000,24.11,sensor:temperature
1766613878000,2025-12-25 00:04:38.000000,24.1,sensor:temperature
1766613887000,2025-12-25 00:04:47.000000,24.09,sensor:temperature
1766613906000,2025-12-25 00:05:06.000000,24.09,sensor:temperature
1766613908000,2025-12-25 00:05:08.000000,24.1,sensor:temperature
1766613910000,2025-12-25 00:05:10.000000,24.09,sensor:temperature
1766613912000,2025-12-25 00:05:12.000000,24.09,sensor:temperature
1766613914000,2025-12-25 00:05:14.000000,24.1,sensor:temperature
1766613916000,2025-12-25 00:05:16.000000,24.1,sensor:temperature
1766613918000,2025-12-25 00:05:18.000000,24.1,sensor:temperature
1766613919000,2025-12-25 00:05:19.000000,24.1,sensor:temperature
1766613921000,2025-12-25 00:05:21.000000,24.11,sensor:temperature
1766613923000,2025-12-25 00:05:23.000000,24.12,sensor:temperature
1766613925000,2025-12-25 00:05:25.000000,24.13,sensor:temperature
1766613927000,2025-12-25 00:05:27.000000,24.12,sensor:temperature
1766613929000,2025-12-25 00:05:29.000000,24.13,sensor:temperature
1766613931000,2025-12-25 00:05:31.000000,24.12,sensor:temperature
1766613932000,2025-12-25 00:05:32.000000,24.12,sensor:temperature
1766613934000,2025-12-25 00:05:34.000000,24.13,sensor:temperature
1766613936000,2025-12-25 00:05:36.000000,24.12,sensor:temperature
1766613938000,2025-12-25 00:05:38.000000,24.13,sensor:temperature
1766613940000,2025-12-25 00:05:40.000000,24.14,sensor:temperature
1766613942000,2025-12-25 00:05:42.000000,24.14,sensor:temperature
1766613943000,2025-12-25 00:05:43.000000,24.14,sensor:temperature
1766613945000,2025-12-25 00:05:45.000000,24.14,sensor:temperature
1766613947000,2025-12-25 00:05:47.000000,24.16,sensor:temperature
1766614058000,2025-12-25 00:07:38.000000,24.27,sensor:temperature
1766614082000,2025-12-25 00:08:02.000000,24.21,sensor:temperature
1766614087000,2025-12-25 00:08:07.000000,24.2,sensor:temperature
1766614093000,2025-12-25 00:08:13.000000,24.23,sensor:temperature
1766614100000,2025-12-25 00:08:20.000000,24.24,sensor:temperature
1766614107000,2025-12-25 00:08:27.000000,24.24,sensor:temperature
1766614113000,2025-12-25 00:08:33.000000,24.27,sensor:temperature
1766614120000,2025-12-25 00:08:40.000000,24.28,sensor:temperature
1766614126000,2025-12-25 00:08:46.000000,24.25,sensor:temperature
1766614133000,2025-12-25 00:08:53.000000,24.23,sensor:temperature
1766614139000,2025-12-25 00:08:59.000000,24.21,sensor:temperature
1766614145000,2025-12-25 00:09:05.000000,24.21,sensor:temperature
1766614150000,2025-12-25 00:09:10.000000,24.19,sensor:temperature
1766614156000,2025-12-25 00:09:16.000000,24.19,sensor:temperature
1766614162000,2025-12-25 00:09:22.000000,24.21,sensor:temperature
1766614169000,2025-12-25 00:09:29.000000,24.18,sensor:temperature
1766614175000,2025-12-25 00:09:35.000000,24.18,sensor:temperature
1766614181000,2025-12-25 00:09:41.000000,24.15,sensor:temperature
1766614188000,2025-12-25 00:09:48.000000,24.15,sensor:temperature
1766614194000,2025-12-25 00:09:54.000000,24.15,sensor:temperature
1766614199000,2025-12-25 00:09:59.000000,24.14,sensor:temperature
1766614206000,2025-12-25 00:10:06.000000,24.14,sensor:temperature
1766614218000,2025-12-25 00:10:18.000000,24.16,sensor:temperature
1766614225000,2025-12-25 00:10:25.000000,24.15,sensor:temperature
1766614231000,2025-12-25 00:10:31.000000,24.17,sensor:temperature
1766614237000,2025-12-25 00:10:37.000000,24.17,sensor:temperature
1766614244000,2025-12-25 00:10:44.000000,24.18,sensor:temperature
1766614250000,2025-12-25 00:10:50.000000,24.18,sensor:temperature
1766614256000,2025-12-25 00:10:56.000000,24.17,sensor:temperature
1766614262000,2025-12-25 00:11:02.000000,24.15,sensor:temperature
1766614268000,2025-12-25 00:11:08.000000,24.16,sensor:temperature
1766614275000,2025-12-25 00:11:15.000000,24.13,sensor:temperature
1766614282000,2025-12-25 00:11:22.000000,24.14,sensor:temperature
1766614288000,2025-12-25 00:11:28.000000,24.11,sensor:temperature
1766614294000,2025-12-25 00:11:34.000000,24.11,sensor:temperature
1766614301000,2025-12-25 00:11:41.000000,24.1,sensor:temperature
1766614308000,2025-12-25 00:11:48.000000,24.09,sensor:temperature
1766614314000,2025-12-25 00:11:54.000000,24.09,sensor:temperature
1766614343000,2025-12-25 00:12:23.000000,24.08,sensor:temperature
1766616176000,2025-12-25 00:42:56.000000,24.71,sensor:temperature
1766616183000,2025-12-25 00:43:03.000000,24.72,sensor:temperature
1766616190000,2025-12-25 00:43:10.000000,24.72,sensor:temperature
1766616196000,2025-12-25 00:43:16.000000,24.69,sensor:temperature
1766616203000,2025-12-25 00:43:23.000000,24.69,sensor:temperature
1766616212000,2025-12-25 00:43:32.000000,24.69,sensor:temperature
1766616218000,2025-12-25 00:43:38.000000,24.7,sensor:temperature
1766616224000,2025-12-25 00:43:44.000000,24.7,sensor:temperature
1766616230000,2025-12-25 00:43:50.000000,24.72,sensor:temperature
1766616236000,2025-12-25 00:43:56.000000,24.71,sensor:temperature
1766616242000,2025-12-25 00:44:02.000000,24.71,sensor:temperature
1766616248000,2025-12-25 00:44:08.000000,24.72,sensor:temperature
1766616254000,2025-12-25 00:44:14.000000,24.71,sensor:temperature
1766616261000,2025-12-25 00:44:21.000000,24.71,sensor:temperature
1766616268000,2025-12-25 00:44:28.000000,24.68,sensor:temperature
1766616274000,2025-12-25 00:44:34.000000,24.68,sensor:temperature
1766616279000,2025-12-25 00:44:39.000000,24.66,sensor:temperature
1766616285000,2025-12-25 00:44:45.000000,24.65,sensor:temperature
1766616292000,2025-12-25 00:44:52.000000,24.63,sensor:temperature
1766616298000,2025-12-25 00:44:58.000000,24.61,sensor:temperature
1766616304000,2025-12-25 00:45:04.000000,24.63,sensor:temperature
1766616310000,2025-12-25 00:45:10.000000,24.62,sensor:temperature
1766616316000,2025-12-25 00:45:16.000000,24.61,sensor:temperature
1766616322000,2025-12-25 00:45:22.000000,24.61,sensor:temperature
1766616328000,2025-12-25 00:45:28.000000,24.6,sensor:temperature
1766616334000,2025-12-25 00:45:34.000000,24.61,sensor:temperature
1766616340000,2025-12-25 00:45:40.000000,24.61,sensor:temperature
1766616345000,2025-12-25 00:45:45.000000,24.59,sensor:temperature
1766616351000,2025-12-25 00:45:51.000000,24.6,sensor:temperature
1766616358000,2025-12-25 00:45:58.000000,24.58,sensor:temperature
1766616364000,2025-12-25 00:46:04.000000,24.59,sensor:temperature
1766616370000,2025-12-25 00:46:10.000000,24.57,sensor:temperature
1766616376000,2025-12-25 00:46:16.000000,24.57,sensor:temperature
1766616382000,2025-12-25 00:46:22.000000,24.56,sensor:temperature
1766616388000,2025-12-25 00:46:28.000000,24.56,sensor:temperature
1766616397000,2025-12-25 00:46:37.000000,24.56,sensor:temperature
1766616403000,2025-12-25 00:46:43.000000,24.57,sensor:temperature
1766616409000,2025-12-25 00:46:49.000000,24.57,sensor:temperature
1766616414000,2025-12-25 00:46:54.000000,24.56,sensor:temperature
1766616420000,2025-12-25 00:47:00.000000,24.55,sensor:temperature
1766616427000,2025-12-25 00:47:07.000000,24.56,sensor:temperature
1766616433000,2025-12-25 00:47:13.000000,24.56,sensor:temperature
1766616439000,2025-12-25 00:47:19.000000,24.56,sensor:temperature
1766616445000,2025-12-25 00:47:25.000000,24.57,sensor:temperature
1766616451000,2025-12-25 00:47:31.000000,24.58,sensor:temperature
1766616458000,2025-12-25 00:47:38.000000,24.58,sensor:temperature
1766616463000,2025-12-25 00:47:43.000000,24.55,sensor:temperature
1766616469000,2025-12-25 00:47:49.000000,24.55,sensor:temperature
1766616475000,2025-12-25 00:47:55.000000,24.56,sensor:temperature
1766616481000,2025-12-25 00:48:01.000000,24.55,sensor:temperature
1766616487000,2025-12-25 00:48:07.000000,24.55,sensor:temperature
1766616493000,2025-12-25 00:48:13.000000,24.53,sensor:temperature
1766616499000,2025-12-25 00:48:19.000000,24.51,sensor:temperature
1766616505000,2025-12-25 00:48:25.000000,24.53,sensor:temperature
1766616512000,2025-12-25 00:48:32.000000,24.54,sensor:temperature
1766616518000,2025-12-25 00:48:38.000000,24.56,sensor:temperature
1766616524000,2025-12-25 00:48:44.000000,24.55,sensor:temperature
1766616530000,2025-12-25 00:48:50.000000,24.58,sensor:temperature
1766616536000,2025-12-25 00:48:56.000000,24.57,sensor:temperature
1766616541000,2025-12-25 00:49:01.000000,24.56,sensor:temperature
1766616547000,2025-12-25 00:49:07.000000,24.55,sensor:temperature
1766616553000,2025-12-25 00:49:13.000000,24.56,sensor:temperature
1766616559000,2025-12-25 00:49:19.000000,24.53,sensor:temperature
1766616566000,2025-12-25 00:49:26.000000,24.55,sensor:temperature
1766616572000,2025-12-25 00:49:32.000000,24.54,sensor:temperature
1766616578000,2025-12-25 00:49:38.000000,24.55,sensor:temperature
1766616584000,2025-12-25 00:49:44.000000,24.56,sensor:temperature
1766616590000,2025-12-25 00:49:50.000000,24.56,sensor:temperature
1766616596000,2025-12-25 00:49:56.000000,24.56,sensor:temperature
1766616603000,2025-12-25 00:50:03.000000,24.57,sensor:temperature
1766616609000,2025-12-25 00:50:09.000000,24.57,sensor:temperature
1766616615000,2025-12-25 00:50:15.000000,24.56,sensor:temperature
1766616621000,2025-12-25 00:50:21.000000,24.56,sensor:temperature
1766616627000,2025-12-25 00:50:27.000000,24.56,sensor:temperature
1766616633000,2025-12-25 00:50:33.000000,24.56,sensor:temperature
1766616638000,2025-12-25 00:50:38.000000,24.56,sensor:temperature
1766616645000,2025-12-25 00:50:45.000000,24.57,sensor:temperature
1766616651000,2025-12-25 00:50:51.000000,24.58,sensor:temperature
1766616657000,2025-12-25 00:50:57.000000,24.57,sensor:temperature
1766616663000,2025-12-25 00:51:03.000000,24.58,sensor:temperature
1766616669000,2025-12-25 00:51:09.000000,24.58,sensor:temperature
1766616674000,2025-12-25 00:51:14.000000,24.59,sensor:temperature
1766616680000,2025-12-25 00:51:20.000000,24.56,sensor:temperature
1766616686000,2025-12-25 00:51:26.000000,24.57,sensor:temperature
1766616692000,2025-12-25 00:51:32.000000,24.56,sensor:temperature
1766616698000,2025-12-25 00:51:38.000000,24.57,sensor:temperature
1766616704000,2025-12-25 00:51:44.000000,24.58,sensor:temperature
1766616710000,2025-12-25 00:51:50.000000,24.58,sensor:temperature
1766616715000,2025-12-25 00:51:55.000000,24.58,sensor:temperature
1766616722000,2025-12-25 00:52:02.000000,24.56,sensor:temperature
1766616728000,2025-12-25 00:52:08.000000,24.53,sensor:temperature
1766616733000,2025-12-25 00:52:13.000000,24.56,sensor:temperature
1766616740000,2025-12-25 00:52:20.000000,24.55,sensor:temperature
1766616746000,2025-12-25 00:52:26.000000,24.56,sensor:temperature
1766616752000,2025-12-25 00:52:32.000000,24.54,sensor:temperature
1766616758000,2025-12-25 00:52:38.000000,24.54,sensor:temperature
1766616763000,2025-12-25 00:52:43.000000,24.53,sensor:temperature
1766616770000,2025-12-25 00:52:50.000000,24.53,sensor:temperature
1766616776000,2025-12-25 00:52:56.000000,24.5,sensor:temperature
1766616782000,2025-12-25 00:53:02.000000,24.5,sensor:temperature
1766616788000,2025-12-25 00:53:08.000000,24.5,sensor:temperature
1766616795000,2025-12-25 00:53:15.000000,24.49,sensor:temperature
1766616801000,2025-12-25 00:53:21.000000,24.48,sensor:temperature
1766616806000,2025-12-25 00:53:26.000000,24.47,sensor:temperature
1766616812000,2025-12-25 00:53:32.000000,24.46,sensor:temperature
1766616819000,2025-12-25 00:53:39.000000,24.47,sensor:temperature
1766616824000,2025-12-25 00:53:44.000000,24.48,sensor:temperature
1766616830000,2025-12-25 00:53:50.000000,24.48,sensor:temperature
1766616837000,2025-12-25 00:53:57.000000,24.48,sensor:temperature
1766616843000,2025-12-25 00:54:03.000000,24.48,sensor:temperature
1766616849000,2025-12-25 00:54:09.000000,24.46,sensor:temperature
1766616855000,2025-12-25 00:54:15.000000,24.47,sensor:temperature
1766616861000,2025-12-25 00:54:21.000000,24.47,sensor:temperature
1766616867000,2025-12-25 00:54:27.000000,24.47,sensor:temperature
1766616873000,2025-12-25 00:54:33.000000,24.45,sensor:temperature
1766616879000,2025-12-25 00:54:39.000000,24.45,sensor:temperature
1766616885000,2025-12-25 00:54:45.000000,24.46,sensor:temperature
1766616891000,2025-12-25 00:54:51.000000,24.45,sensor:temperature
1766616897000,2025-12-25 00:54:57.000000,24.45,sensor:temperature
1766616903000,2025-12-25 00:55:03.000000,24.44,sensor:temperature
1766616909000,2025-12-25 00:55:09.000000,24.44,sensor:temperature
1766616915000,2025-12-25 00:55:15.000000,24.45,sensor:temperature
1766616921000,2025-12-25 00:55:21.000000,24.45,sensor:temperature
1766616927000,2025-12-25 00:55:27.000000,24.44,sensor:temperature
1766616933000,2025-12-25 00:55:33.000000,24.45,sensor:temperature
1766616939000,2025-12-25 00:55:39.000000,24.45,sensor:temperature
1766616945000,2025-12-25 00:55:45.000000,24.45,sensor:temperature
1766616951000,2025-12-25 00:55:51.000000,24.44,sensor:temperature
1766616957000,2025-12-25 00:55:57.000000,24.43,sensor:temperature
1766616963000,2025-12-25 00:56:03.000000,24.43,sensor:temperature
1766616969000,2025-12-25 00:56:09.000000,24.43,sensor:temperature
1766616975000,2025-12-25 00:56:15.000000,24.43,sensor:temperature
1766616981000,2025-12-25 00:56:21.000000,24.43,sensor:temperature
1766616988000,2025-12-25 00:56:28.000000,24.41,sensor:temperature
1766616994000,2025-12-25 00:56:34.000000,24.4,sensor:temperature
1766616999000,2025-12-25 00:56:39.000000,24.41,sensor:temperature
1766617005000,2025-12-25 00:56:45.000000,24.41,sensor:temperature
1766617011000,2025-12-25 00:56:51.000000,24.4,sensor:temperature
1766617017000,2025-12-25 00:56:57.000000,24.4,sensor:temperature
1766617024000,2025-12-25 00:57:04.000000,24.4,sensor:temperature
1766617030000,2025-12-25 00:57:10.000000,24.4,sensor:temperature
1766617035000,2025-12-25 00:57:15.000000,24.39,sensor:temperature
1766617041000,2025-12-25 00:57:21.000000,24.39,sensor:temperature
1766617047000,2025-12-25 00:57:27.000000,24.38,sensor:temperature
1766617053000,2025-12-25 00:57:33.000000,24.38,sensor:temperature
1766617060000,2025-12-25 00:57:40.000000,24.4,sensor:temperature
1766617066000,2025-12-25 00:57:46.000000,24.39,sensor:temperature
1766617072000,2025-12-25 00:57:52.000000,24.38,sensor:temperature
1766617079000,2025-12-25 00:57:59.000000,24.39,sensor:temperature
1766617086000,2025-12-25 00:58:06.000000,24.38,sensor:temperature
1766617093000,2025-12-25 00:58:13.000000,24.39,sensor:temperature
1766617099000,2025-12-25 00:58:19.000000,24.36,sensor:temperature
1766617104000,2025-12-25 00:58:24.000000,24.35,sensor:temperature
1766617110000,2025-12-25 00:58:30.000000,24.38,sensor:temperature
1766617116000,2025-12-25 00:58:36.000000,24.36,sensor:temperature
1766617123000,2025-12-25 00:58:43.000000,24.36,sensor:temperature
1766617130000,2025-12-25 00:58:50.000000,24.38,sensor:temperature
1766617137000,2025-12-25 00:58:57.000000,24.36,sensor:temperature
1766617143000,2025-12-25 00:59:03.000000,24.4,sensor:temperature
1766617150000,2025-12-25 00:59:10.000000,24.4,sensor:temperature
1766617157000,2025-12-25 00:59:17.000000,24.42,sensor:temperature
1766617163000,2025-12-25 00:59:23.000000,24.42,sensor:temperature
1766617169000,2025-12-25 00:59:29.000000,24.42,sensor:temperature
1766617176000,2025-12-25 00:59:36.000000,24.41,sensor:temperature
1766617184000,2025-12-25 00:59:44.000000,24.42,sensor:temperature
1766617191000,2025-12-25 00:59:51.000000,24.42,sensor:temperature
1766617196000,2025-12-25 00:59:56.000000,24.43,sensor:temperature
1766617203000,2025-12-25 01:00:03.000000,24.41,sensor:temperature
1766617210000,2025-12-25 01:00:10.000000,24.41,sensor:temperature
1766617216000,2025-12-25 01:00:16.000000,24.41,sensor:temperature
1766617224000,2025-12-25 01:00:24.000000,24.41,sensor:temperature
1766617231000,2025-12-25 01:00:31.000000,24.41,sensor:temperature
1766617237000,2025-12-25 01:00:37.000000,24.42,sensor:temperature
1766617244000,2025-12-25 01:00:44.000000,24.41,sensor:temperature
1766617251000,2025-12-25 01:00:51.000000,24.39,sensor:temperature
1766617259000,2025-12-25 01:00:59.000000,24.41,sensor:temperature
1766617266000,2025-12-25 01:01:06.000000,24.4,sensor:temperature
1766617273000,2025-12-25 01:01:13.000000,24.41,sensor:temperature
1766617280000,2025-12-25 01:01:20.000000,24.42,sensor:temperature
1766617286000,2025-12-25 01:01:26.000000,24.42,sensor:temperature
1766617292000,2025-12-25 01:01:32.000000,24.42,sensor:temperature
1766617298000,2025-12-25 01:01:38.000000,24.42,sensor:temperature
1766617305000,2025-12-25 01:01:45.000000,24.42,sensor:temperature
1766617312000,2025-12-25 01:01:52.000000,24.44,sensor:temperature
1766617319000,2025-12-25 01:01:59.000000,24.42,sensor:temperature
1766617326000,2025-12-25 01:02:06.000000,24.42,sensor:temperature
1766617332000,2025-12-25 01:02:12.000000,24.41,sensor:temperature
1766617340000,2025-12-25 01:02:20.000000,24.4,sensor:temperature
1766617346000,2025-12-25 01:02:26.000000,24.4,sensor:temperature
1766617352000,2025-12-25 01:02:32.000000,24.42,sensor:temperature
1766617358000,2025-12-25 01:02:38.000000,24.42,sensor:temperature
1766617365000,2025-12-25 01:02:45.000000,24.43,sensor:temperature
1766617371000,2025-12-25 01:02:51.000000,24.44,sensor:temperature
1766617378000,2025-12-25 01:02:58.000000,24.45,sensor:temperature
1766617384000,2025-12-25 01:03:04.000000,24.46,sensor:temperature
1766617391000,2025-12-25 01:03:11.000000,24.45,sensor:temperature
1766617398000,2025-12-25 01:03:18.000000,24.46,sensor:temperature
1766617404000,2025-12-25 01:03:24.000000,24.46,sensor:temperature
1766617411000,2025-12-25 01:03:31.000000,24.45,sensor:temperature
1766617417000,2025-12-25 01:03:37.000000,24.43,sensor:temperature
1766617423000,2025-12-25 01:03:43.000000,24.43,sensor:temperature
1766617430000,2025-12-25 01:03:50.000000,24.43,sensor:temperature
1766617437000,2025-12-25 01:03:57.000000,24.42,sensor:temperature
1766617443000,2025-12-25 01:04:03.000000,24.42,sensor:temperature
1766617450000,2025-12-25 01:04:10.000000,24.41,sensor:temperature
1766617457000,2025-12-25 01:04:17.000000,24.44,sensor:temperature
1766617463000,2025-12-25 01:04:23.000000,24.42,sensor:temperature
1766617469000,2025-12-25 01:04:29.000000,24.43,sensor:temperature
1766617476000,2025-12-25 01:04:36.000000,24.42,sensor:temperature
1766617483000,2025-12-25 01:04:43.000000,24.41,sensor:temperature
1766617489000,2025-12-25 01:04:49.000000,24.42,sensor:temperature
1766617495000,2025-12-25 01:04:55.000000,24.42,sensor:temperature
1766617502000,2025-12-25 01:05:02.000000,24.42,sensor:temperature
1766617508000,2025-12-25 01:05:08.000000,24.43,sensor:temperature
1766617515000,2025-12-25 01:05:15.000000,24.44,sensor:temperature
1766617521000,2025-12-25 01:05:21.000000,24.44,sensor:temperature
1766617527000,2025-12-25 01:05:27.000000,24.45,sensor:temperature
1766617533000,2025-12-25 01:05:33.000000,24.45,sensor:temperature
1766617540000,2025-12-25 01:05:40.000000,24.45,sensor:temperature
1766617547000,2025-12-25 01:05:47.000000,24.45,sensor:temperature
1766617553000,2025-12-25 01:05:53.000000,24.46,sensor:temperature
1766617560000,2025-12-25 01:06:00.000000,24.45,sensor:temperature
1766617566000,2025-12-25 01:06:06.000000,24.46,sensor:temperature
1766617573000,2025-12-25 01:06:13.000000,24.47,sensor:temperature
1766617580000,2025-12-25 01:06:20.000000,24.47,sensor:temperature
1766617586000,2025-12-25 01:06:26.000000,24.46,sensor:temperature
1766617593000,2025-12-25 01:06:33.000000,24.45,sensor:temperature
1766617600000,2025-12-25 01:06:40.000000,24.44,sensor:temperature
1766617606000,2025-12-25 01:06:46.000000,24.43,sensor:temperature
1766617613000,2025-12-25 01:06:53.000000,24.45,sensor:temperature
1766617620000,2025-12-25 01:07:00.000000,24.44,sensor:temperature
1766617627000,2025-12-25 01:07:07.000000,24.43,sensor:temperature
1766617634000,2025-12-25 01:07:14.000000,24.44,sensor:temperature
1766617641000,2025-12-25 01:07:21.000000,24.45,sensor:temperature
1766617648000,2025-12-25 01:07:28.000000,24.45,sensor:temperature
1766617654000,2025-12-25 01:07:34.000000,24.46,sensor:temperature
1766617661000,2025-12-25 01:07:41.000000,24.46,sensor:temperature
1766617668000,2025-12-25 01:07:48.000000,24.45,sensor:temperature
1766617676000,2025-12-25 01:07:56.000000,24.44,sensor:temperature
1766617683000,2025-12-25 01:08:03.000000,24.46,sensor:temperature
1766617690000,2025-12-25 01:08:10.000000,24.45,sensor:temperature
1766617697000,2025-12-25 01:08:17.000000,24.45,sensor:temperature
1766617703000,2025-12-25 01:08:23.000000,24.43,sensor:temperature
1766617709000,2025-12-25 01:08:29.000000,24.44,sensor:temperature
1766617716000,2025-12-25 01:08:36.000000,24.45,sensor:temperature
1766617723000,2025-12-25 01:08:43.000000,24.45,sensor:temperature
1766617729000,2025-12-25 01:08:49.000000,24.45,sensor:temperature
1766617737000,2025-12-25 01:08:57.000000,24.45,sensor:temperature
1766617743000,2025-12-25 01:09:03.000000,24.47,sensor:temperature
1766617750000,2025-12-25 01:09:10.000000,24.47,sensor:temperature
1766617757000,2025-12-25 01:09:17.000000,24.46,sensor:temperature
1766617763000,2025-12-25 01:09:23.000000,24.47,sensor:temperature
1766617770000,2025-12-25 01:09:30.000000,24.47,sensor:temperature
1766617777000,2025-12-25 01:09:37.000000,24.46,sensor:temperature
1766617784000,2025-12-25 01:09:44.000000,24.46,sensor:temperature
1766617791000,2025-12-25 01:09:51.000000,24.47,sensor:temperature
1766617797000,2025-12-25 01:09:57.000000,24.49,sensor:temperature
1766617803000,2025-12-25 01:10:03.000000,24.49,sensor:temperature
1766617810000,2025-12-25 01:10:10.000000,24.5,sensor:temperature
1766617817000,2025-12-25 01:10:17.000000,24.51,sensor:temperature
1766617823000,2025-12-25 01:10:23.000000,24.51,sensor:temperature
1766617830000,2025-12-25 01:10:30.000000,24.51,sensor:temperature
1766617836000,2025-12-25 01:10:36.000000,24.53,sensor:temperature
1766617842000,2025-12-25 01:10:42.000000,24.53,sensor:temperature
1766617848000,2025-12-25 01:10:48.000000,24.53,sensor:temperature
1766617854000,2025-12-25 01:10:54.000000,24.54,sensor:temperature
1766617861000,2025-12-25 01:11:01.000000,24.54,sensor:temperature
1766617868000,2025-12-25 01:11:08.000000,24.5,sensor:temperature
1766617874000,2025-12-25 01:11:14.000000,24.49,sensor:temperature
1766617880000,2025-12-25 01:11:20.000000,24.49,sensor:temperature
1766617886000,2025-12-25 01:11:26.000000,24.5,sensor:temperature
1766617893000,2025-12-25 01:11:33.000000,24.5,sensor:temperature
1766617900000,2025-12-25 01:11:40.000000,24.5,sensor:temperature
1766617907000,2025-12-25 01:11:47.000000,24.51,sensor:temperature
1766617912000,2025-12-25 01:11:52.000000,24.51,sensor:temperature
1766617920000,2025-12-25 01:12:00.000000,24.5,sensor:temperature
1766617927000,2025-12-25 01:12:07.000000,24.5,sensor:temperature
1766617933000,2025-12-25 01:12:13.000000,24.49,sensor:temperature
1766617940000,2025-12-25 01:12:20.000000,24.47,sensor:temperature
1766617946000,2025-12-25 01:12:26.000000,24.46,sensor:temperature
1766617953000,2025-12-25 01:12:33.000000,24.47,sensor:temperature
1766617960000,2025-12-25 01:12:40.000000,24.49,sensor:temperature
1766617967000,2025-12-25 01:12:47.000000,24.48,sensor:temperature
1766617974000,2025-12-25 01:12:54.000000,24.47,sensor:temperature
1766617980000,2025-12-25 01:13:00.000000,24.48,sensor:temperature
1766617987000,2025-12-25 01:13:07.000000,24.47,sensor:temperature
1766617994000,2025-12-25 01:13:14.000000,24.47,sensor:temperature
1766618000000,2025-12-25 01:13:20.000000,24.47,sensor:temperature
1766618007000,2025-12-25 01:13:27.000000,24.47,sensor:temperature
1766618014000,2025-12-25 01:13:34.000000,24.48,sensor:temperature
1766618020000,2025-12-25 01:13:40.000000,24.49,sensor:temperature
1766618025000,2025-12-25 01:13:45.000000,24.49,sensor:temperature
1766618032000,2025-12-25 01:13:52.000000,24.5,sensor:temperature
1766618039000,2025-12-25 01:13:59.000000,24.49,sensor:temperature
1766618045000,2025-12-25 01:14:05.000000,24.47,sensor:temperature
1766618051000,2025-12-25 01:14:11.000000,24.44,sensor:temperature
1766618057000,2025-12-25 01:14:17.000000,24.44,sensor:temperature
1766618063000,2025-12-25 01:14:23.000000,24.44,sensor:temperature
1766618070000,2025-12-25 01:14:30.000000,24.46,sensor:temperature
1766618077000,2025-12-25 01:14:37.000000,24.49,sensor:temperature
1766618084000,2025-12-25 01:14:44.000000,24.49,sensor:temperature
1766618090000,2025-12-25 01:14:50.000000,24.47,sensor:temperature
1766618097000,2025-12-25 01:14:57.000000,24.5,sensor:temperature
1766618103000,2025-12-25 01:15:03.000000,24.49,sensor:temperature
1766618109000,2025-12-25 01:15:09.000000,24.51,sensor:temperature
1766618115000,2025-12-25 01:15:15.000000,24.54,sensor:temperature
1766618121000,2025-12-25 01:15:21.000000,24.53,sensor:temperature
1766618127000,2025-12-25 01:15:27.000000,24.57,sensor:temperature
1766618133000,2025-12-25 01:15:33.000000,24.58,sensor:temperature
1766618138000,2025-12-25 01:15:38.000000,24.6,sensor:temperature
1766618144000,2025-12-25 01:15:44.000000,24.61,sensor:temperature
1766618151000,2025-12-25 01:15:51.000000,24.61,sensor:temperature
1766618157000,2025-12-25 01:15:57.000000,24.6,sensor:temperature
1766618163000,2025-12-25 01:16:03.000000,24.6,sensor:temperature
1766618170000,2025-12-25 01:16:10.000000,24.6,sensor:temperature
1766618176000,2025-12-25 01:16:16.000000,24.6,sensor:temperature
1766618183000,2025-12-25 01:16:23.000000,24.6,sensor:temperature
1766618190000,2025-12-25 01:16:30.000000,24.6,sensor:temperature
1766618197000,2025-12-25 01:16:37.000000,24.61,sensor:temperature
1766618203000,2025-12-25 01:16:43.000000,24.63,sensor:temperature
1766618209000,2025-12-25 01:16:49.000000,24.62,sensor:temperature
1766618216000,2025-12-25 01:16:56.000000,24.63,sensor:temperature
1766618223000,2025-12-25 01:17:03.000000,24.63,sensor:temperature
1766618229000,2025-12-25 01:17:09.000000,24.64,sensor:temperature
1766618236000,2025-12-25 01:17:16.000000,24.66,sensor:temperature
1766618242000,2025-12-25 01:17:22.000000,24.66,sensor:temperature
1766618248000,2025-12-25 01:17:28.000000,24.65,sensor:temperature
1766618255000,2025-12-25 01:17:35.000000,24.65,sensor:temperature
1766618261000,2025-12-25 01:17:41.000000,24.66,sensor:temperature
1766618268000,2025-12-25 01:17:48.000000,24.66,sensor:temperature
1766618273000,2025-12-25 01:17:53.000000,24.64,sensor:temperature
1766618280000,2025-12-25 01:18:00.000000,24.64,sensor:temperature
1766618287000,2025-12-25 01:18:07.000000,24.64,sensor:temperature
1766618293000,2025-12-25 01:18:13.000000,24.62,sensor:temperature
1766618300000,2025-12-25 01:18:20.000000,24.62,sensor:temperature
1766618307000,2025-12-25 01:18:27.000000,24.58,sensor:temperature
1766618314000,2025-12-25 01:18:34.000000,24.58,sensor:temperature
1766618320000,2025-12-25 01:18:40.000000,24.59,sensor:temperature
1766618327000,2025-12-25 01:18:47.000000,24.6,sensor:temperature
1766618333000,2025-12-25 01:18:53.000000,24.6,sensor:temperature
1766618340000,2025-12-25 01:19:00.000000,24.59,sensor:temperature
1766618346000,2025-12-25 01:19:06.000000,24.61,sensor:temperature
1766618353000,2025-12-25 01:19:13.000000,24.61,sensor:temperature
1766618359000,2025-12-25 01:19:19.000000,24.62,sensor:temperature
1766618367000,2025-12-25 01:19:27.000000,24.62,sensor:temperature
1766618373000,2025-12-25 01:19:33.000000,24.61,sensor:temperature
1766618380000,2025-12-25 01:19:40.000000,24.62,sensor:temperature
1766618387000,2025-12-25 01:19:47.000000,24.62,sensor:temperature
1766618393000,2025-12-25 01:19:53.000000,24.61,sensor:temperature
1766618401000,2025-12-25 01:20:01.000000,24.63,sensor:temperature
1766618407000,2025-12-25 01:20:07.000000,24.64,sensor:temperature
1766618413000,2025-12-25 01:20:13.000000,24.62,sensor:temperature
1766618419000,2025-12-25 01:20:19.000000,24.63,sensor:temperature
1766618443000,2025-12-25 01:20:43.000000,24.66,sensor:temperature
1766618449000,2025-12-25 01:20:49.000000,24.66,sensor:temperature
1766618456000,2025-12-25 01:20:56.000000,24.69,sensor:temperature
1766618463000,2025-12-25 01:21:03.000000,24.7,sensor:temperature
1766618473000,2025-12-25 01:21:13.000000,24.69,sensor:temperature
1766618479000,2025-12-25 01:21:19.000000,24.68,sensor:temperature
1766618485000,2025-12-25 01:21:25.000000,24.7,sensor:temperature
1766618492000,2025-12-25 01:21:32.000000,24.7,sensor:temperature
1766618498000,2025-12-25 01:21:38.000000,24.71,sensor:temperature
1766618504000,2025-12-25 01:21:44.000000,24.71,sensor:temperature
1766618511000,2025-12-25 01:21:51.000000,24.72,sensor:temperature
1766618517000,2025-12-25 01:21:57.000000,24.74,sensor:temperature
1766618524000,2025-12-25 01:22:04.000000,24.71,sensor:temperature
1766618535000,2025-12-25 01:22:15.000000,24.73,sensor:temperature
1766618544000,2025-12-25 01:22:24.000000,24.71,sensor:temperature
1766618550000,2025-12-25 01:22:30.000000,24.68,sensor:temperature
1766618590000,2025-12-25 01:23:10.000000,24.69,sensor:temperature
1766618596000,2025-12-25 01:23:16.000000,24.66,sensor:temperature
1766618602000,2025-12-25 01:23:22.000000,24.68,sensor:temperature
1766618608000,2025-12-25 01:23:28.000000,24.69,sensor:temperature
1766618615000,2025-12-25 01:23:35.000000,24.7,sensor:temperature
1766618622000,2025-12-25 01:23:42.000000,24.71,sensor:temperature
1766618629000,2025-12-25 01:23:49.000000,24.74,sensor:temperature
1766618635000,2025-12-25 01:23:55.000000,24.73,sensor:temperature
1766618642000,2025-12-25 01:24:02.000000,24.72,sensor:temperature
1766618649000,2025-12-25 01:24:09.000000,24.73,sensor:temperature
1766618656000,2025-12-25 01:24:16.000000,24.72,sensor:temperature
1766618662000,2025-12-25 01:24:22.000000,24.75,sensor:temperature
1766618668000,2025-12-25 01:24:28.000000,24.75,sensor:temperature
1766618674000,2025-12-25 01:24:34.000000,24.73,sensor:temperature
1766618681000,2025-12-25 01:24:41.000000,24.73,sensor:temperature
1766618687000,2025-12-25 01:24:47.000000,24.71,sensor:temperature
1766618693000,2025-12-25 01:24:53.000000,24.71,sensor:temperature
1766618699000,2025-12-25 01:24:59.000000,24.71,sensor:temperature
1766618705000,2025-12-25 01:25:05.000000,24.71,sensor:temperature
1766618710000,2025-12-25 01:25:10.000000,24.71,sensor:temperature
1766618716000,2025-12-25 01:25:16.000000,24.72,sensor:temperature
1766618723000,2025-12-25 01:25:23.000000,24.73,sensor:temperature
1766618730000,2025-12-25 01:25:30.000000,24.74,sensor:temperature
1766618736000,2025-12-25 01:25:36.000000,24.74,sensor:temperature
1766618742000,2025-12-25 01:25:42.000000,24.75,sensor:temperature
1766618748000,2025-12-25 01:25:48.000000,24.76,sensor:temperature
1766618755000,2025-12-25 01:25:55.000000,24.77,sensor:temperature
1766618762000,2025-12-25 01:26:02.000000,24.75,sensor:temperature
1766618768000,2025-12-25 01:26:08.000000,24.75,sensor:temperature
1766618775000,2025-12-25 01:26:15.000000,24.74,sensor:temperature
1766618782000,2025-12-25 01:26:22.000000,24.75,sensor:temperature
1766618788000,2025-12-25 01:26:28.000000,24.74,sensor:temperature
1766618795000,2025-12-25 01:26:35.000000,24.73,sensor:temperature
1766618802000,2025-12-25 01:26:42.000000,24.74,sensor:temperature
1766618809000,2025-12-25 01:26:49.000000,24.75,sensor:temperature
1766618815000,2025-12-25 01:26:55.000000,24.75,sensor:temperature
1766618821000,2025-12-25 01:27:01.000000,24.82,sensor:temperature
1766618828000,2025-12-25 01:27:08.000000,24.82,sensor:temperature
1766618837000,2025-12-25 01:27:17.000000,24.84,sensor:temperature
1766618844000,2025-12-25 01:27:24.000000,24.86,sensor:temperature
1766618851000,2025-12-25 01:27:31.000000,24.86,sensor:temperature
1766618859000,2025-12-25 01:27:39.000000,24.86,sensor:temperature
1766618865000,2025-12-25 01:27:45.000000,24.88,sensor:temperature
1766618872000,2025-12-25 01:27:52.000000,24.87,sensor:temperature
1766618878000,2025-12-25 01:27:58.000000,24.88,sensor:temperature
1766618885000,2025-12-25 01:28:05.000000,24.89,sensor:temperature
1766618892000,2025-12-25 01:28:12.000000,24.9,sensor:temperature
1766618899000,2025-12-25 01:28:19.000000,24.9,sensor:temperature
1766618906000,2025-12-25 01:28:26.000000,24.92,sensor:temperature
1766618913000,2025-12-25 01:28:33.000000,24.93,sensor:temperature
1766618921000,2025-12-25 01:28:41.000000,24.93,sensor:temperature
1766618928000,2025-12-25 01:28:48.000000,24.94,sensor:temperature
1766618935000,2025-12-25 01:28:55.000000,24.93,sensor:temperature
1766618942000,2025-12-25 01:29:02.000000,24.93,sensor:temperature
1766618949000,2025-12-25 01:29:09.000000,24.94,sensor:temperature
1766618955000,2025-12-25 01:29:15.000000,24.94,sensor:temperature
1766618962000,2025-12-25 01:29:22.000000,24.94,sensor:temperature
1766618968000,2025-12-25 01:29:28.000000,24.94,sensor:temperature
1766618975000,2025-12-25 01:29:35.000000,24.93,sensor:temperature
1766618983000,2025-12-25 01:29:43.000000,24.95,sensor:temperature
1766618990000,2025-12-25 01:29:50.000000,24.95,sensor:temperature
1766618997000,2025-12-25 01:29:57.000000,24.97,sensor:temperature
1766619004000,2025-12-25 01:30:04.000000,24.95,sensor:temperature
1766619010000,2025-12-25 01:30:10.000000,24.98,sensor:temperature
1766619018000,2025-12-25 01:30:18.000000,24.97,sensor:temperature
1766619025000,2025-12-25 01:30:25.000000,24.97,sensor:temperature
1766619032000,2025-12-25 01:30:32.000000,24.98,sensor:temperature
1766619038000,2025-12-25 01:30:38.000000,24.99,sensor:temperature
1766619045000,2025-12-25 01:30:45.000000,24.95,sensor:temperature
1766619052000,2025-12-25 01:30:52.000000,24.97,sensor:temperature
1766619058000,2025-12-25 01:30:58.000000,24.98,sensor:temperature
1766619068000,2025-12-25 01:31:08.000000,24.98,sensor:temperature
1766619074000,2025-12-25 01:31:14.000000,24.97,sensor:temperature
1766619081000,2025-12-25 01:31:21.000000,24.98,sensor:temperature
1766619088000,2025-12-25 01:31:28.000000,24.98,sensor:temperature
1766619094000,2025-12-25 01:31:34.000000,24.97,sensor:temperature
1766619102000,2025-12-25 01:31:42.000000,24.97,sensor:temperature
1766619108000,2025-12-25 01:31:48.000000,24.97,sensor:temperature
1766619115000,2025-12-25 01:31:55.000000,24.97,sensor:temperature
1766619123000,2025-12-25 01:32:03.000000,24.98,sensor:temperature
1766619130000,2025-12-25 01:32:10.000000,24.98,sensor:temperature
1766619136000,2025-12-25 01:32:16.000000,25,sensor:temperature
1766619143000,2025-12-25 01:32:23.000000,25,sensor:temperature
1766619150000,2025-12-25 01:32:30.000000,24.99,sensor:temperature
1766619157000,2025-12-25 01:32:37.000000,24.98,sensor:temperature
1766619164000,2025-12-25 01:32:44.000000,24.98,sensor:temperature
1766619171000,2025-12-25 01:32:51.000000,25,sensor:temperature
1766619178000,2025-12-25 01:32:58.000000,24.99,sensor:temperature
1766619185000,2025-12-25 01:33:05.000000,25,sensor:temperature
1766619192000,2025-12-25 01:33:12.000000,24.98,sensor:temperature
1766619207000,2025-12-25 01:33:27.000000,24.98,sensor:temperature
1766619218000,2025-12-25 01:33:38.000000,24.99,sensor:temperature
1766619225000,2025-12-25 01:33:45.000000,24.97,sensor:temperature
1766619239000,2025-12-25 01:33:59.000000,24.95,sensor:temperature
1766619246000,2025-12-25 01:34:06.000000,24.94,sensor:temperature
1766619253000,2025-12-25 01:34:13.000000,24.93,sensor:temperature
1766619260000,2025-12-25 01:34:20.000000,24.93,sensor:temperature
1766619266000,2025-12-25 01:34:26.000000,24.94,sensor:temperature
1766619274000,2025-12-25 01:34:34.000000,24.93,sensor:temperature
1766619279000,2025-12-25 01:34:39.000000,24.93,sensor:temperature
1766619287000,2025-12-25 01:34:47.000000,24.92,sensor:temperature
1766619293000,2025-12-25 01:34:53.000000,24.91,sensor:temperature
1766619300000,2025-12-25 01:35:00.000000,24.92,sensor:temperature
1766619307000,2025-12-25 01:35:07.000000,24.93,sensor:temperature
1766619313000,2025-12-25 01:35:13.000000,24.93,sensor:temperature
1766619320000,2025-12-25 01:35:20.000000,24.95,sensor:temperature
1766619330000,2025-12-25 01:35:30.000000,24.98,sensor:temperature
1766619344000,2025-12-25 01:35:44.000000,24.98,sensor:temperature
1766619352000,2025-12-25 01:35:52.000000,24.95,sensor:temperature
1766619360000,2025-12-25 01:36:00.000000,24.97,sensor:temperature
1766619368000,2025-12-25 01:36:08.000000,24.95,sensor:temperature
1766619378000,2025-12-25 01:36:18.000000,24.95,sensor:temperature
1766619386000,2025-12-25 01:36:26.000000,24.97,sensor:temperature
1766619393000,2025-12-25 01:36:33.000000,24.98,sensor:temperature
1766619399000,2025-12-25 01:36:39.000000,24.98,sensor:temperature
1766619408000,2025-12-25 01:36:48.000000,24.98,sensor:temperature
1766619415000,2025-12-25 01:36:55.000000,25,sensor:temperature
1766619422000,2025-12-25 01:37:02.000000,25.01,sensor:temperature
1766619428000,2025-12-25 01:37:08.000000,25,sensor:temperature
1766619436000,2025-12-25 01:37:16.000000,24.99,sensor:temperature
1766619442000,2025-12-25 01:37:22.000000,25,sensor:temperature
1766619449000,2025-12-25 01:37:29.000000,24.99,sensor:temperature
1766619456000,2025-12-25 01:37:36.000000,25,sensor:temperature
1766619463000,2025-12-25 01:37:43.000000,24.99,sensor:temperature
1766619469000,2025-12-25 01:37:49.000000,24.99,sensor:temperature
1766619477000,2025-12-25 01:37:57.000000,25,sensor:temperature
1766619489000,2025-12-25 01:38:09.000000,24.98,sensor:temperature
1766619495000,2025-12-25 01:38:15.000000,24.97,sensor:temperature
1766619503000,2025-12-25 01:38:23.000000,24.99,sensor:temperature
1766619510000,2025-12-25 01:38:30.000000,24.99,sensor:temperature
1766619517000,2025-12-25 01:38:37.000000,24.99,sensor:temperature
1766619524000,2025-12-25 01:38:44.000000,24.99,sensor:temperature
1766619531000,2025-12-25 01:38:51.000000,24.98,sensor:temperature
1766619537000,2025-12-25 01:38:57.000000,24.99,sensor:temperature
1766619544000,2025-12-25 01:39:04.000000,24.98,sensor:temperature
1766619550000,2025-12-25 01:39:10.000000,24.99,sensor:temperature
1766619557000,2025-12-25 01:39:17.000000,24.97,sensor:temperature
1766619563000,2025-12-25 01:39:23.000000,24.95,sensor:temperature
1766619570000,2025-12-25 01:39:30.000000,24.98,sensor:temperature
1766619576000,2025-12-25 01:39:36.000000,24.97,sensor:temperature
1766619584000,2025-12-25 01:39:44.000000,24.97,sensor:temperature
1766619590000,2025-12-25 01:39:50.000000,24.98,sensor:temperature
1766619598000,2025-12-25 01:39:58.000000,24.98,sensor:temperature
1766619604000,2025-12-25 01:40:04.000000,24.99,sensor:temperature
1766619611000,2025-12-25 01:40:11.000000,24.98,sensor:temperature
1766619618000,2025-12-25 01:40:18.000000,24.99,sensor:temperature
1766619625000,2025-12-25 01:40:25.000000,25,sensor:temperature
1766619632000,2025-12-25 01:40:32.000000,25,sensor:temperature
1766619637000,2025-12-25 01:40:37.000000,25.01,sensor:temperature
1766619644000,2025-12-25 01:40:44.000000,25.01,sensor:temperature
1766619651000,2025-12-25 01:40:51.000000,25.01,sensor:temperature
1766619658000,2025-12-25 01:40:58.000000,24.99,sensor:temperature
1766619665000,2025-12-25 01:41:05.000000,24.99,sensor:temperature
1766619671000,2025-12-25 01:41:11.000000,24.98,sensor:temperature
1766619678000,2025-12-25 01:41:18.000000,24.99,sensor:temperature
1766619684000,2025-12-25 01:41:24.000000,24.98,sensor:temperature
1766619691000,2025-12-25 01:41:31.000000,24.97,sensor:temperature
1766619697000,2025-12-25 01:41:37.000000,24.98,sensor:temperature
1766619704000,2025-12-25 01:41:44.000000,24.98,sensor:temperature
1766619711000,2025-12-25 01:41:51.000000,24.95,sensor:temperature
1766619718000,2025-12-25 01:41:58.000000,24.98,sensor:temperature
1766619725000,2025-12-25 01:42:05.000000,24.99,sensor:temperature
1766619732000,2025-12-25 01:42:12.000000,24.97,sensor:temperature
1766619738000,2025-12-25 01:42:18.000000,24.99,sensor:temperature
1766619745000,2025-12-25 01:42:25.000000,24.99,sensor:temperature
1766619752000,2025-12-25 01:42:32.000000,25.01,sensor:temperature
1766619759000,2025-12-25 01:42:39.000000,25.02,sensor:temperature
1766619766000,2025-12-25 01:42:46.000000,25.02,sensor:temperature
1766619773000,2025-12-25 01:42:53.000000,25.03,sensor:temperature
1766619779000,2025-12-25 01:42:59.000000,25.04,sensor:temperature
1766619785000,2025-12-25 01:43:05.000000,25.03,sensor:temperature
1766619792000,2025-12-25 01:43:12.000000,25.04,sensor:temperature
1766619799000,2025-12-25 01:43:19.000000,25.04,sensor:temperature
1766619805000,2025-12-25 01:43:25.000000,25.03,sensor:temperature
1766619812000,2025-12-25 01:43:32.000000,25.02,sensor:temperature
1766619819000,2025-12-25 01:43:39.000000,25.02,sensor:temperature
1766619826000,2025-12-25 01:43:46.000000,25.02,sensor:temperature
1766619832000,2025-12-25 01:43:52.000000,25.02,sensor:temperature
1766619838000,2025-12-25 01:43:58.000000,25.02,sensor:temperature
1766619845000,2025-12-25 01:44:05.000000,25,sensor:temperature
1766619852000,2025-12-25 01:44:12.000000,25,sensor:temperature
1766619858000,2025-12-25 01:44:18.000000,25,sensor:temperature
1766619865000,2025-12-25 01:44:25.000000,25,sensor:temperature
1766619872000,2025-12-25 01:44:32.000000,25,sensor:temperature
1766619878000,2025-12-25 01:44:38.000000,25.01,sensor:temperature
1766619886000,2025-12-25 01:44:46.000000,25.01,sensor:temperature
1766619892000,2025-12-25 01:44:52.000000,25,sensor:temperature
1766619901000,2025-12-25 01:45:01.000000,25,sensor:temperature
1766619908000,2025-12-25 01:45:08.000000,25,sensor:temperature
1766619915000,2025-12-25 01:45:15.000000,25,sensor:temperature
1766619922000,2025-12-25 01:45:22.000000,25,sensor:temperature
1766619929000,2025-12-25 01:45:29.000000,25,sensor:temperature
1766619935000,2025-12-25 01:45:35.000000,24.99,sensor:temperature
1766619942000,2025-12-25 01:45:42.000000,25.01,sensor:temperature
1766619948000,2025-12-25 01:45:48.000000,24.99,sensor:temperature
1766619955000,2025-12-25 01:45:55.000000,24.98,sensor:temperature
1766619962000,2025-12-25 01:46:02.000000,24.99,sensor:temperature
1766619969000,2025-12-25 01:46:09.000000,24.98,sensor:temperature
1766619975000,2025-12-25 01:46:15.000000,24.99,sensor:temperature
1766619982000,2025-12-25 01:46:22.000000,24.99,sensor:temperature
1766619989000,2025-12-25 01:46:29.000000,25,sensor:temperature
1766619996000,2025-12-25 01:46:36.000000,25,sensor:temperature
1766620004000,2025-12-25 01:46:44.000000,25,sensor:temperature
1766620010000,2025-12-25 01:46:50.000000,25,sensor:temperature
1766620017000,2025-12-25 01:46:57.000000,25.01,sensor:temperature
1766620023000,2025-12-25 01:47:03.000000,24.99,sensor:temperature
1766620029000,2025-12-25 01:47:09.000000,25.02,sensor:temperature
1766620036000,2025-12-25 01:47:16.000000,25.01,sensor:temperature
1766620043000,2025-12-25 01:47:23.000000,24.99,sensor:temperature
1766620050000,2025-12-25 01:47:30.000000,25,sensor:temperature
1766620057000,2025-12-25 01:47:37.000000,25,sensor:temperature
1766620063000,2025-12-25 01:47:43.000000,25,sensor:temperature
1766620070000,2025-12-25 01:47:50.000000,25,sensor:temperature
1766620077000,2025-12-25 01:47:57.000000,24.99,sensor:temperature
1766620083000,2025-12-25 01:48:03.000000,25,sensor:temperature
1766620089000,2025-12-25 01:48:09.000000,25.01,sensor:temperature
1766620096000,2025-12-25 01:48:16.000000,24.99,sensor:temperature
1766620103000,2025-12-25 01:48:23.000000,25.01,sensor:temperature
1766620110000,2025-12-25 01:48:30.000000,25,sensor:temperature
1766620117000,2025-12-25 01:48:37.000000,25,sensor:temperature
1766620124000,2025-12-25 01:48:44.000000,25,sensor:temperature
1766620130000,2025-12-25 01:48:50.000000,25,sensor:temperature
1766620138000,2025-12-25 01:48:58.000000,25.01,sensor:temperature
1766620144000,2025-12-25 01:49:04.000000,25.01,sensor:temperature
1766620150000,2025-12-25 01:49:10.000000,25,sensor:temperature
1766620158000,2025-12-25 01:49:18.000000,25,sensor:temperature
1766620164000,2025-12-25 01:49:24.000000,25,sensor:temperature
1766620171000,2025-12-25 01:49:31.000000,25.01,sensor:temperature
1766620178000,2025-12-25 01:49:38.000000,25.01,sensor:temperature
1766620185000,2025-12-25 01:49:45.000000,25.01,sensor:temperature
1766620192000,2025-12-25 01:49:52.000000,25.01,sensor:temperature
1766620199000,2025-12-25 01:49:59.000000,25.01,sensor:temperature
1766620204000,2025-12-25 01:50:04.000000,25.02,sensor:temperature
1766620211000,2025-12-25 01:50:11.000000,25.01,sensor:temperature
1766620218000,2025-12-25 01:50:18.000000,25,sensor:temperature
1766620224000,2025-12-25 01:50:24.000000,25,sensor:temperature
1766620231000,2025-12-25 01:50:31.000000,25.01,sensor:temperature
1766620237000,2025-12-25 01:50:37.000000,24.99,sensor:temperature
1766620244000,2025-12-25 01:50:44.000000,25,sensor:temperature
1766620251000,2025-12-25 01:50:51.000000,25.01,sensor:temperature
1766620258000,2025-12-25 01:50:58.000000,24.99,sensor:temperature
1766620264000,2025-12-25 01:51:04.000000,24.99,sensor:temperature
1766620271000,2025-12-25 01:51:11.000000,24.99,sensor:temperature
1766620278000,2025-12-25 01:51:18.000000,24.99,sensor:temperature
1766620284000,2025-12-25 01:51:24.000000,25,sensor:temperature
1766620291000,2025-12-25 01:51:31.000000,24.99,sensor:temperature
1766620298000,2025-12-25 01:51:38.000000,24.99,sensor:temperature
1766620305000,2025-12-25 01:51:45.000000,24.99,sensor:temperature
1766620311000,2025-12-25 01:51:51.000000,25,sensor:temperature
1766620318000,2025-12-25 01:51:58.000000,25,sensor:temperature
1766620325000,2025-12-25 01:52:05.000000,24.99,sensor:temperature
1766620331000,2025-12-25 01:52:11.000000,25,sensor:temperature
1766620338000,2025-12-25 01:52:18.000000,25.01,sensor:temperature
1766620345000,2025-12-25 01:52:25.000000,25.01,sensor:temperature
1766620352000,2025-12-25 01:52:32.000000,25,sensor:temperature
1766620358000,2025-12-25 01:52:38.000000,25,sensor:temperature
1766620365000,2025-12-25 01:52:45.000000,25,sensor:temperature
1766620371000,2025-12-25 01:52:51.000000,25.01,sensor:temperature
1766620378000,2025-12-25 01:52:58.000000,24.99,sensor:temperature
1766620384000,2025-12-25 01:53:04.000000,24.99,sensor:temperature
1766620391000,2025-12-25 01:53:11.000000,24.99,sensor:temperature
1766620398000,2025-12-25 01:53:18.000000,25,sensor:temperature
1766620405000,2025-12-25 01:53:25.000000,25.01,sensor:temperature
1766620411000,2025-12-25 01:53:31.000000,25.01,sensor:temperature
1766620418000,2025-12-25 01:53:38.000000,25,sensor:temperature
1766620424000,2025-12-25 01:53:44.000000,25.01,sensor:temperature
1766620431000,2025-12-25 01:53:51.000000,25.02,sensor:temperature
1766620438000,2025-12-25 01:53:58.000000,25.01,sensor:temperature
1766620445000,2025-12-25 01:54:05.000000,25.01,sensor:temperature
1766620452000,2025-12-25 01:54:12.000000,25.01,sensor:temperature
1766620459000,2025-12-25 01:54:19.000000,25.02,sensor:temperature
1766620465000,2025-12-25 01:54:25.000000,25.01,sensor:temperature
1766620472000,2025-12-25 01:54:32.000000,25,sensor:temperature
1766620479000,2025-12-25 01:54:39.000000,25.03,sensor:temperature
1766620486000,2025-12-25 01:54:46.000000,25.02,sensor:temperature
1766620492000,2025-12-25 01:54:52.000000,25.01,sensor:temperature
1766620499000,2025-12-25 01:54:59.000000,25.03,sensor:temperature
1766620506000,2025-12-25 01:55:06.000000,25.03,sensor:temperature
1766620512000,2025-12-25 01:55:12.000000,25.03,sensor:temperature
1766620521000,2025-12-25 01:55:21.000000,25.03,sensor:temperature
1766620528000,2025-12-25 01:55:28.000000,25.03,sensor:temperature
1766620535000,2025-12-25 01:55:35.000000,25.02,sensor:temperature
1766620542000,2025-12-25 01:55:42.000000,25.02,sensor:temperature
1766620548000,2025-12-25 01:55:48.000000,25.01,sensor:temperature
1766620555000,2025-12-25 01:55:55.000000,25.01,sensor:temperature
1766620565000,2025-12-25 01:56:05.000000,25.01,sensor:temperature
1766620572000,2025-12-25 01:56:12.000000,25.01,sensor:temperature
1766620578000,2025-12-25 01:56:18.000000,25,sensor:temperature
1766620585000,2025-12-25 01:56:25.000000,25,sensor:temperature
1766620593000,2025-12-25 01:56:33.000000,25,sensor:temperature
1766620599000,2025-12-25 01:56:39.000000,24.98,sensor:temperature
1766620605000,2025-12-25 01:56:45.000000,25,sensor:temperature
1766620612000,2025-12-25 01:56:52.000000,24.99,sensor:temperature
1766620618000,2025-12-25 01:56:58.000000,24.99,sensor:temperature
1766620624000,2025-12-25 01:57:04.000000,25,sensor:temperature
1766620631000,2025-12-25 01:57:11.000000,25,sensor:temperature
1766620639000,2025-12-25 01:57:19.000000,25,sensor:temperature
1766620646000,2025-12-25 01:57:26.000000,25.01,sensor:temperature
1766620653000,2025-12-25 01:57:33.000000,25,sensor:temperature
1766620660000,2025-12-25 01:57:40.000000,25.01,sensor:temperature
1766620667000,2025-12-25 01:57:47.000000,25,sensor:temperature
1766620674000,2025-12-25 01:57:54.000000,24.99,sensor:temperature
1766620681000,2025-12-25 01:58:01.000000,24.99,sensor:temperature
1766620688000,2025-12-25 01:58:08.000000,24.99,sensor:temperature
1766620695000,2025-12-25 01:58:15.000000,24.98,sensor:temperature
1766620701000,2025-12-25 01:58:21.000000,24.97,sensor:temperature
1766620709000,2025-12-25 01:58:29.000000,24.97,sensor:temperature
1766620715000,2025-12-25 01:58:35.000000,24.95,sensor:temperature
1766620723000,2025-12-25 01:58:43.000000,24.97,sensor:temperature
1766620729000,2025-12-25 01:58:49.000000,24.99,sensor:temperature
1766620735000,2025-12-25 01:58:55.000000,24.98,sensor:temperature
1766620741000,2025-12-25 01:59:01.000000,24.98,sensor:temperature
1766620749000,2025-12-25 01:59:09.000000,24.98,sensor:temperature
1766620755000,2025-12-25 01:59:15.000000,24.98,sensor:temperature
1766620762000,2025-12-25 01:59:22.000000,24.98,sensor:temperature
1766620769000,2025-12-25 01:59:29.000000,24.98,sensor:temperature
1766620776000,2025-12-25 01:59:36.000000,24.99,sensor:temperature
1766620783000,2025-12-25 01:59:43.000000,24.99,sensor:temperature
1766620790000,2025-12-25 01:59:50.000000,24.99,sensor:temperature
1766620796000,2025-12-25 01:59:56.000000,25,sensor:temperature
1766620803000,2025-12-25 02:00:03.000000,25,sensor:temperature
1766620810000,2025-12-25 02:00:10.000000,25,sensor:temperature
1766620817000,2025-12-25 02:00:17.000000,25,sensor:temperature
1766620823000,2025-12-25 02:00:23.000000,25,sensor:temperature
1766620830000,2025-12-25 02:00:30.000000,24.99,sensor:temperature
1766620836000,2025-12-25 02:00:36.000000,24.99,sensor:temperature
1766620843000,2025-12-25 02:00:43.000000,24.98,sensor:temperature
1766620850000,2025-12-25 02:00:50.000000,25,sensor:temperature
1766620857000,2025-12-25 02:00:57.000000,24.99,sensor:temperature
1766620863000,2025-12-25 02:01:03.000000,24.98,sensor:temperature
1766620870000,2025-12-25 02:01:10.000000,24.99,sensor:temperature
1766620877000,2025-12-25 02:01:17.000000,24.98,sensor:temperature
1766620885000,2025-12-25 02:01:25.000000,24.99,sensor:temperature
1766620892000,2025-12-25 02:01:32.000000,24.99,sensor:temperature
1766620899000,2025-12-25 02:01:39.000000,25,sensor:temperature
1766620906000,2025-12-25 02:01:46.000000,24.98,sensor:temperature
1766620912000,2025-12-25 02:01:52.000000,24.98,sensor:temperature
1766620919000,2025-12-25 02:01:59.000000,24.98,sensor:temperature
1766620930000,2025-12-25 02:02:10.000000,24.98,sensor:temperature
1766620938000,2025-12-25 02:02:18.000000,24.99,sensor:temperature
1766620944000,2025-12-25 02:02:24.000000,24.98,sensor:temperature
1766620951000,2025-12-25 02:02:31.000000,24.98,sensor:temperature
1766620958000,2025-12-25 02:02:38.000000,24.98,sensor:temperature
1766620965000,2025-12-25 02:02:45.000000,24.98,sensor:temperature
1766620972000,2025-12-25 02:02:52.000000,25,sensor:temperature
1766620979000,2025-12-25 02:02:59.000000,24.99,sensor:temperature
1766620985000,2025-12-25 02:03:05.000000,24.98,sensor:temperature
1766620993000,2025-12-25 02:03:13.000000,24.99,sensor:temperature
1766620999000,2025-12-25 02:03:19.000000,24.98,sensor:temperature
1766621006000,2025-12-25 02:03:26.000000,24.99,sensor:temperature
1766621013000,2025-12-25 02:03:33.000000,24.98,sensor:temperature
1766621020000,2025-12-25 02:03:40.000000,25,sensor:temperature
1766621027000,2025-12-25 02:03:47.000000,25,sensor:temperature
1766621034000,2025-12-25 02:03:54.000000,24.99,sensor:temperature
1766621041000,2025-12-25 02:04:01.000000,24.98,sensor:temperature
1766621055000,2025-12-25 02:04:15.000000,24.99,sensor:temperature
1766621066000,2025-12-25 02:04:26.000000,24.98,sensor:temperature
